temperature	strain-1_cv	strain-2_cv	strain-3_cv	strain-4_cv	strain-5_cv	strain-6_cv	strain-7_cv	strain-8_cv	strain-9_cv	strain-10_cv	strain-11_cv
0.0	0.0	0.0	0.0	0.0	0.0	0.0	0.0	0.0	0.0	0.0	0.0
2.0	0.0	0.0	0.0	0.0	0.0	0.0	0.0	0.0	0.0	0.0	0.0
4.0	3.9875e-06	4.4e-06	4.8375e-06	5.35e-06	5.9e-06	6.525e-06	7.2125e-06	7.9875e-06	8.8625e-06	9.8375e-06	1.0975e-05
6.0	2.6e-05	2.7825e-05	2.97875e-05	3.2e-05	3.44375e-05	3.7125e-05	4.01125e-05	4.34375e-05	4.71875e-05	5.13e-05	5.61e-05
8.0	6.87375e-05	7.31625e-05	7.795e-05	8.33375e-05	8.9275e-05	9.58625e-05	0.0001031375	0.00011125	0.000120375	0.0001304	0.000142025
10.0	0.0001367625	0.0001454875	0.0001549375	0.0001655375	0.0001772125	0.00019015	0.000204425	0.0002203375	0.0002382125	0.0002578125	0.000280525
12.0	0.0002373625	0.0002524875	0.00026885	0.000287225	0.000307425	0.0003298125	0.0003544875	0.0003819875	0.0004128875	0.000446775	0.0004860125
14.0	0.000377675	0.000401725	0.0004277375	0.000456925	0.000489025	0.0005246	0.0005638125	0.000607525	0.000656625	0.00071045	0.0007727875
16.0	0.00056465	0.000600575	0.00063945	0.0006830625	0.000731025	0.0007841875	0.000842775	0.0009080875	0.0009814625	0.0010618875	0.001155
18.0	0.0008052375	0.0008564625	0.000911875	0.00097405	0.0010424375	0.0011182375	0.0012017625	0.0012948875	0.0013994875	0.001514125	0.0016468375
20.0	0.0011065	0.0011768625	0.0012529875	0.0013384125	0.001432375	0.0015365	0.00165125	0.0017791875	0.0019228875	0.0020803375	0.0022626
22.0	0.0014755625	0.001569375	0.001670875	0.001784775	0.00191005	0.0020488875	0.0022018875	0.0023724625	0.0025640375	0.002773925	0.00301685
24.0	0.001919725	0.00204175	0.0021737625	0.002321925	0.002484875	0.0026654875	0.0028645	0.003086375	0.0033355375	0.003608525	0.0039243875
26.0	0.0024464	0.0026018625	0.00277005	0.0029588375	0.00316645	0.003396575	0.00365015	0.0039328375	0.004250275	0.0045980125	0.0050003125
28.0	0.0030631875	0.0032577875	0.0034683375	0.003704675	0.0039645875	0.0042526875	0.00457015	0.004924025	0.0053213875	0.00575665	0.0062600875
30.0	0.0037778875	0.004017825	0.004277425	0.0045688375	0.0048893375	0.005244625	0.0056360875	0.0060724625	0.0065624125	0.00709905	0.0077196
32.0	0.0045985	0.0048904625	0.005206375	0.005561025	0.0059510875	0.0063834875	0.0068599125	0.0073909875	0.007987225	0.008640225	0.0093951875
34.0	0.0055332875	0.0058845	0.0062645375	0.0066912	0.007160475	0.007680725	0.00825395	0.0088928875	0.0096101875	0.0103957375	0.0113037375
36.0	0.0065908125	0.007009025	0.007461575	0.0079696875	0.0085285875	0.0091482125	0.0098309375	0.010591925	0.011446175	0.012381675	0.01346275
38.0	0.0077799625	0.0082734625	0.008807525	0.0094072125	0.0100668875	0.010798275	0.01160415	0.0125024	0.013510675	0.0146147875	0.0158904625
40.0	0.0091099875	0.0096876625	0.0103128625	0.0110149625	0.0117873625	0.012643775	0.0135874375	0.01463925	0.0158198375	0.0171126375	0.0186059875
42.0	0.0105906125	0.011261925	0.011988575	0.012804675	0.0137025625	0.0146982125	0.0157953125	0.0170181625	0.018390675	0.019893625	0.0216293875
44.0	0.012232025	0.013007125	0.0138462	0.0147886875	0.0158257375	0.0169758	0.0182430875	0.019655675	0.0212410875	0.0229772	0.02498185
46.0	0.01404505	0.014934725	0.01589795	0.0169800375	0.01817085	0.01949155	0.0209469625	0.022569275	0.0243900625	0.02638395	0.0286858625
48.0	0.0160411625	0.0170569125	0.0181567875	0.0193925875	0.02075275	0.02226145	0.0239241375	0.0257775625	0.027857725	0.0301357625	0.0327652875
50.0	0.0182325875	0.0193866625	0.0206365125	0.0220411	0.02358725	0.025302475	0.0271929	0.029300325	0.03166555	0.0342559375	0.0372455625
52.0	0.020632375	0.0219378375	0.0233518625	0.024941275	0.0266911875	0.028632725	0.0307727625	0.0331586	0.0358363625	0.0387692625	0.0421537625
54.0	0.0232544875	0.024725225	0.026318575	0.028109925	0.03008255	0.0322715125	0.0346845	0.03737485	0.0403944625	0.0437021375	0.0475186625
56.0	0.0261138875	0.02776465	0.029553425	0.03156495	0.033780475	0.036239375	0.0389502125	0.0419729	0.0453656875	0.049082575	0.05337085
58.0	0.0292264875	0.031072975	0.0330743	0.0353254125	0.0378053375	0.0405581625	0.043593375	0.0469780625	0.0507773875	0.0549402125	0.0597426375
60.0	0.0326092875	0.0346681625	0.036900225	0.0394115375	0.0421787125	0.0452509625	0.0486387625	0.052417025	0.0566583875	0.0613063	0.0666680375
62.0	0.0362803125	0.038569225	0.041051325	0.0438447	0.0469234	0.0503421375	0.0541124875	0.058317825	0.0630389625	0.068213575	0.0741827125
64.0	0.0402586125	0.042796225	0.045548775	0.0486473875	0.0520633125	0.0558572375	0.060041875	0.064709825	0.069950725	0.0756962125	0.0823238
66.0	0.0445641875	0.0473702375	0.0504148375	0.05384315	0.057623475	0.0618229	0.066455375	0.0716234875	0.0774264875	0.083789625	0.091129775
68.0	0.049218	0.0523132625	0.0556726375	0.059456475	0.063629825	0.068266725	0.0733824375	0.0790903375	0.085500075	0.0925303125	0.1006402625
70.0	0.0542418	0.0576481125	0.0613462	0.0655126875	0.0701091875	0.075217175	0.08085335	0.0871427125	0.0942062125	0.10195565	0.1108957875
72.0	0.0596580625	0.063398325	0.0674602	0.0720378	0.0770890375	0.0827033625	0.0888990375	0.095813625	0.10358025	0.1121037	0.121937575
74.0	0.0654898875	0.069588025	0.0740399375	0.079058375	0.0845973875	0.0907549125	0.0975509375	0.1051365375	0.1136579875	0.1230129625	0.1338072875
76.0	0.0717608	0.076241775	0.0811110875	0.0866013875	0.0926626	0.0994017875	0.1068407625	0.1151451625	0.124475475	0.1347221375	0.1465468125
78.0	0.078494675	0.0833844375	0.0886996125	0.0946940125	0.1013132375	0.10867405	0.1168003125	0.125873275	0.1360687625	0.147269925	0.16019795
80.0	0.08571555	0.0910409875	0.096831525	0.1033634625	0.110577825	0.1186017125	0.1274612875	0.1373545	0.1484737	0.1606948125	0.174802225
82.0	0.093447475	0.0992364125	0.105532825	0.1126368375	0.1204847125	0.1292145625	0.138855075	0.1496221125	0.16172575	0.1750347875	0.190400675
84.0	0.1017143875	0.1079954625	0.1148292375	0.122540925	0.1310619	0.1405419625	0.1510126	0.1627088375	0.1758597875	0.1903272375	0.20703355
86.0	0.110539925	0.1173426125	0.1247460875	0.1331020875	0.1423368875	0.1526126875	0.16396415	0.176646725	0.1909099	0.2066086875	0.2247402
88.0	0.1199472875	0.1273018	0.1353081875	0.14434605	0.1543364625	0.1654547875	0.1777392	0.1914669375	0.2069092625	0.2239146625	0.2435588375
90.0	0.12995915	0.1378963875	0.14653965	0.1562978	0.1670866375	0.1790954125	0.1923663	0.207199675	0.2238900125	0.2422795375	0.2635264
92.0	0.1405974625	0.1491489375	0.1584637875	0.168981475	0.1806124625	0.19356075	0.2078729375	0.2238739875	0.2418830375	0.2617364	0.2846783875
94.0	0.1518833875	0.1610812125	0.1711029875	0.1824201875	0.1949379625	0.2088758625	0.22428545	0.2415177125	0.26091795	0.2823169125	0.307048725
96.0	0.1638371875	0.17371395	0.1844786	0.1966360125	0.2100860125	0.225064625	0.2416289	0.2601573625	0.2810229875	0.3040512625	0.3306696625
98.0	0.1764781	0.187066875	0.1986108875	0.211649825	0.2260782875	0.242149625	0.2599270625	0.2798181	0.3022249	0.3269680375	0.3555717125
100.0	0.1898243	0.2011585625	0.2135189375	0.2274813	0.242935175	0.2601521625	0.2792023125	0.3005236375	0.324548925	0.3510941625	0.3817835
102.0	0.203892825	0.2160063875	0.229220575	0.2441488125	0.260675725	0.27909215	0.299475625	0.3222961875	0.3480187125	0.3764548875	0.409331775
104.0	0.2186995125	0.2316265125	0.2457323625	0.2616694125	0.2793176625	0.2989881125	0.32076655	0.3451564875	0.37265635	0.4030737	0.4382413
106.0	0.23425895	0.248033825	0.2630695625	0.28005885	0.298877325	0.3198571625	0.34309315	0.3691237625	0.398482275	0.430972325	0.468534875
108.0	0.250584475	0.2652418875	0.2812461	0.2993314875	0.319369675	0.341715025	0.366472075	0.3942157125	0.425515325	0.4601707	0.500233275
110.0	0.267688175	0.283262975	0.3002745875	0.3195003625	0.3408083125	0.3645759875	0.3909185125	0.4204485125	0.4537726875	0.490686975	0.53335525
112.0	0.2855807875	0.3021080875	0.3201663125	0.34057715	0.3632054625	0.3884529875	0.4164462125	0.4478368375	0.48326995	0.5225375125	0.5679175125
114.0	0.30427185	0.3217869	0.34093125	0.362572225	0.3865720375	0.4133575875	0.4430675375	0.476393875	0.514021075	0.555736875	0.6039347375
116.0	0.3237696	0.342307825	0.3625781	0.385494675	0.4109176375	0.439300025	0.470793475	0.5061313875	0.546038475	0.590297875	0.6414196
118.0	0.3440810125	0.3636780125	0.385114325	0.409352325	0.4362505875	0.4662892375	0.4996336375	0.537059675	0.5793329625	0.62623155	0.6803827625
120.0	0.3652119125	0.38590345	0.40854615	0.4341518	0.4625780125	0.4943329375	0.529596375	0.56918765	0.613913825	0.66354725	0.720832925
122.0	0.387166925	0.4089889125	0.4328786625	0.45989855	0.4899058375	0.5234376	0.56068875	0.602522875	0.6497888625	0.7022525875	0.7627768375
124.0	0.4099495125	0.4329380625	0.4581158375	0.4865969	0.518238875	0.5536085625	0.5929166125	0.637071575	0.6869644	0.742353525	0.8062193375
126.0	0.4335621125	0.4577535	0.4842605375	0.5142501375	0.5475808375	0.584850025	0.626284625	0.6728387	0.7254453	0.783854375	0.8511633625
128.0	0.4580060875	0.4834368	0.511314675	0.5428605	0.57793445	0.6171651375	0.6607963125	0.709827925	0.76523505	0.8267578625	0.897610025
130.0	0.4832818375	0.50998855	0.5392791375	0.5724293	0.6093014125	0.650556025	0.6964541	0.7480417375	0.80633575	0.871065125	0.9455586625
132.0	0.509388825	0.5374084625	0.568153975	0.6029569125	0.6416825375	0.6850238375	0.7332593625	0.787481475	0.848748175	0.9167758	0.9950068375
134.0	0.53632565	0.5656953625	0.59793835	0.6344429	0.6750777375	0.7205688125	0.7712124625	0.828147275	0.8924718	0.963888	1.0459504125
136.0	0.5640901125	0.5948472875	0.6286306375	0.6668859875	0.7094861125	0.757190275	0.8103128	0.8700382375	0.93750485	1.012398425	1.0983836125
138.0	0.592679225	0.6248615375	0.660228475	0.7002841875	0.7449059625	0.79488675	0.850558825	0.91315235	0.9838443125	1.06230235	1.152299025
140.0	0.6220893125	0.6557347375	0.69272885	0.734634775	0.781334875	0.8336559125	0.8919480875	0.957486625	1.031486	1.113593675	1.2076877375
142.0	0.652316075	0.68746285	0.7261280625	0.7699344125	0.8187697375	0.873494725	0.9344773	1.0030370375	1.080424575	1.1662649875	1.2645392875
144.0	0.6833545875	0.720041275	0.760421875	0.80617915	0.8572067875	0.9143993875	0.9781423125	1.0497986125	1.130653575	1.220307575	1.3228418125
146.0	0.715199425	0.7534648875	0.7956054875	0.8433644375	0.8966416375	0.956365425	1.0229382	1.0977654625	1.1821654625	1.275711525	1.3825820375
148.0	0.7478446375	0.787728075	0.8316736	0.8814852625	0.93706935	0.9993877	1.06885925	1.1469307625	1.2349516375	1.3324657	1.443745375
150.0	0.7812838625	0.822824775	0.868620475	0.9205360625	0.9784844	1.0434604625	1.11589905	1.1972868625	1.2890025375	1.390557825	1.50631595
152.0	0.815510325	0.85874855	0.906439975	0.960510875	1.0208808	1.0885773375	1.164050425	1.2488252625	1.344307575	1.4499745	1.570276675
154.0	0.8505169125	0.8954926	0.9451255625	1.0014033	1.064252025	1.134731375	1.2133055625	1.3015366375	1.4008552625	1.5107012875	1.6356093125
156.0	0.8862961875	0.9330498	0.9846703625	1.0432065375	1.1085911375	1.1819151125	1.263655975	1.3554109	1.4586331875	1.5727227375	1.7022945375
158.0	0.9228404875	0.9714127625	1.0250671875	1.0859134375	1.1538907375	1.230120525	1.3150925125	1.4104372	1.517628075	1.6360224	1.7703119375
160.0	0.9601418375	1.0105738125	1.066308575	1.1295165	1.200143025	1.2793391	1.3676054625	1.46660395	1.5778258125	1.700582925	1.8396401625
162.0	0.9981921375	1.0505250875	1.108386775	1.174007925	1.2473398	1.329561825	1.4211845	1.5238989125	1.6392115	1.7663860875	1.9102569
164.0	1.0369830625	1.0912585375	1.15129385	1.2193796	1.2954725	1.380779225	1.4758187125	1.5823091125	1.7017694625	1.8334128	1.9821390125
166.0	1.0765061625	1.1327658875	1.1950216	1.2656231625	1.3445322	1.4329814125	1.5314966625	1.641821	1.7654833	1.9016432125	2.0552625125
168.0	1.116752875	1.175038775	1.2395616375	1.3127299625	1.3945096375	1.4861580125	1.5882064	1.7024203375	1.830335925	1.9710567125	2.1296026625
170.0	1.1577145125	1.218068675	1.2849054375	1.360691125	1.445395225	1.5402982875	1.6459354375	1.76409235	1.8963095875	2.041632	2.2051340375
172.0	1.1993823375	1.26184695	1.33104425	1.4094975125	1.4971790625	1.595391075	1.7046708125	1.8268216875	1.9633859	2.113347125	2.2818305625
174.0	1.24174755	1.306364875	1.3779692125	1.4591398125	1.54985095	1.651424825	1.7643991125	1.890592425	2.0315459125	2.1861795	2.359665575
176.0	1.2848012875	1.3516136375	1.4256713125	1.5096084625	1.6034004125	1.7083876375	1.8251064625	1.955388175	2.1007700875	2.260106	2.4386118625
178.0	1.3285347	1.39758435	1.4741413875	1.560893725	1.6578166625	1.7662672375	1.88677855	2.0211920375	2.1710383875	2.33510295	2.51864175
180.0	1.3729388625	1.4442680625	1.5233702	1.6129856625	1.7130887	1.825051025	1.949400675	2.08798665	2.242330275	2.4111462375	2.5997271
182.0	1.418004875	1.491655775	1.5733483375	1.66587415	1.7692052375	1.8847260625	2.01295775	2.1557542125	2.3146247875	2.4882112625	2.681839425
184.0	1.4637238625	1.5397384375	1.6240663375	1.7195489125	1.826154725	1.9452791125	2.077434275	2.22447655	2.3879005125	2.56627305	2.764949875
186.0	1.5100869125	1.5885069625	1.6755146	1.7739994625	1.8839254125	2.0066966125	2.1428144625	2.29413505	2.4621356625	2.6453062625	2.8490293125
188.0	1.5570851625	1.6379522	1.7276834375	1.8292152	1.9425053125	2.0689647375	2.209082125	2.3647107875	2.5373080875	2.7252852625	2.9340483875
190.0	1.60470975	1.688065025	1.7805630625	1.885185325	2.0018821875	2.1320693875	2.2762208125	2.436184475	2.6133953375	2.8061841125	3.019977525
192.0	1.6529518375	1.7388362125	1.834143625	1.9418989	2.0620436375	2.195996175	2.34421375	2.50853655	2.69037465	2.88797665	3.1067870125
194.0	1.701802625	1.790256575	1.88841515	1.999344875	2.1229770125	2.2607305	2.4130439125	2.58174715	2.7682230125	2.9706365125	3.1944470125
196.0	1.751253325	1.84231685	1.9433676	2.057512	2.1846695	2.3262575	2.4826939875	2.6557961375	2.8469172125	3.0541371625	3.2829276375
198.0	1.8012952	1.895007775	1.9989908625	2.1163889375	2.2471081	2.3925621	2.55314645	2.7306631875	2.9264337875	3.1384519375	3.37219895
200.0	1.8519195125	1.9483200625	2.0552747375	2.175964175	2.3102796375	2.459629025	2.624383525	2.8063277125	3.00674915	3.223554075	3.4622310125
202.0	1.9031175875	2.0022443875	2.11220895	2.2362261375	2.3741707375	2.5274428	2.696387275	2.882769	3.087839575	3.3094167375	3.55299395
204.0	1.9548807375	2.0567714375	2.1697831625	2.29716305	2.438767925	2.5959877625	2.76913955	2.9599661375	3.1696811875	3.3960131	3.64445795
206.0	2.00720035	2.111891825	2.227986925	2.3587630875	2.5040575125	2.6652481125	2.84262205	3.037898075	3.2522500875	3.4833162875	3.736593325
208.0	2.060067775	2.167596175	2.2868097625	2.421014275	2.5700257125	2.73520785	2.9168163125	3.116543675	3.3355222625	3.5712994625	3.8293704875
210.0	2.1134744625	2.2238750875	2.3462411125	2.48390455	2.6366586	2.8058508625	2.9917037625	3.1958816875	3.4194737125	3.6599358875	3.92276005
212.0	2.1674118125	2.2807191375	2.4062703375	2.5474217375	2.703942125	2.877160925	3.0672657125	3.2758908	3.504080425	3.74919885	4.0167328375
214.0	2.2218713	2.3381188375	2.4668867625	2.611553575	2.7718621	2.94912165	3.1434833875	3.35654965	3.5893183875	3.8390617875	4.11125985
216.0	2.2768443625	2.3960647375	2.528079625	2.6762877	2.8404042875	3.0217166125	3.2203379125	3.4378368375	3.6751636375	3.9294982625	4.2063123625
218.0	2.3323225125	2.4545473125	2.5898381	2.741611675	2.9095542875	3.09492925	3.2978103875	3.5197309625	3.7615923	4.0204819875	4.301861925
220.0	2.3882972375	2.51355705	2.652151325	2.8075129875	2.979297675	3.1687429375	3.37588185	3.60221065	3.8485805625	4.1119868875	4.397880375
222.0	2.44476005	2.573084375	2.7150083875	2.8739790375	3.049619925	3.2431410125	3.4545333	3.6852545375	3.9361047375	4.2039870375	4.4943398625
224.0	2.5017024625	2.6331197125	2.7783982875	2.9409971875	3.1205064375	3.31810675	3.5337457625	3.7688413125	4.0241412375	4.2964568	4.591212875
226.0	2.5591159875	2.69365345	2.8423100125	3.0085546875	3.1919425625	3.3936233875	3.6135002375	3.85294975	4.1126666625	4.389370725	4.68847225
228.0	2.616992175	2.7546759625	2.9067324875	3.0766388	3.2639136125	3.469674125	3.693777775	3.937558675	4.20165775	4.48270365	4.7860911875
230.0	2.6753225375	2.8161776125	2.9716545875	3.1452366875	3.3364048625	3.5462421875	3.774559425	4.02264705	4.291091425	4.5764306875	4.8840432625
232.0	2.7340986375	2.8781486875	3.0370651875	3.2143355125	3.409401525	3.623310775	3.855826325	4.108193925	4.3809448125	4.6705272375	4.982302475
234.0	2.793312	2.940579525	3.1029531	3.28392235	3.4828888625	3.700863125	3.93755965	4.1941784875	4.47119525	4.7649690125	5.0808431875
236.0	2.85295415	3.0034603875	3.1693070875	3.3539843	3.55685205	3.778882475	4.0197406625	4.2805800875	4.5618203	4.8597320375	5.17964025
238.0	2.91301665	3.0667815375	3.2361159125	3.4245084125	3.631276325	3.8573521125	4.102350725	4.367378225	4.652797775	4.954792675	5.2786688625
240.0	2.9734910125	3.130533225	3.3033683375	3.49548175	3.7061468875	3.9362553625	4.1853712875	4.45455255	4.7441057375	5.05012765	5.3779047375
242.0	3.034368775	3.194705675	3.37105305	3.566891325	3.7814490125	4.01557565	4.268783925	4.54208295	4.8357225125	5.145714	5.477324
244.0	3.0956414875	3.2592891125	3.4391587625	3.6387242	3.857167925	4.0952964125	4.352570325	4.62994945	4.9276267125	5.2415291625	5.576903225
246.0	3.1573006625	3.3242737375	3.5076741875	3.7109674	3.9332889625	4.1754012	4.43671235	4.7181323375	5.019797225	5.3375509625	5.6766194625
248.0	3.2193378375	3.38964975	3.5765879875	3.7836079875	4.0097974625	4.2558736625	4.5211919625	4.806612075	5.1122132375	5.43375755	5.776450225
250.0	3.2817445375	3.4554073375	3.645888875	3.856633025	4.0866788125	4.3366975125	4.605991325	4.895369375	5.204854275	5.5301275125	5.8763735125
252.0	3.3445122875	3.5215366875	3.7155655375	3.9300296375	4.1639184875	4.4178566	4.6910927375	4.9843851875	5.297700125	5.6266398125	5.9763677625
254.0	3.4076326125	3.5880279875	3.785606675	4.00378495	4.241502	4.4993348875	4.7764786875	5.0736407	5.3907309375	5.723273825	6.0764119375
256.0	3.471097025	3.654871425	3.856001025	4.077886125	4.3194149875	4.58111645	4.8621318625	5.1631173625	5.4839271625	5.8200093125	6.176485425
258.0	3.5348970875	3.7220571875	3.9267373125	4.1523204	4.3976431125	4.663185525	4.9480351375	5.2527969	5.5772696125	5.9168264625	6.27656815
260.0	3.5990243	3.789575475	3.9978043	4.2270750375	4.4761721625	4.7455264625	5.0341715625	5.342661275	5.670739425	6.01370585	6.376640475
262.0	3.6634702125	3.8574165125	4.069190775	4.30213735	4.5549880125	4.8281237625	5.1205244375	5.4326927375	5.7643180625	6.1106285	6.476683275
264.0	3.7282263625	3.9255705	4.140885575	4.37749475	4.6340766625	4.9109621	5.2070772375	5.5228738125	5.857987375	6.2075758125	6.576677875
266.0	3.7932843	3.9940277125	4.21287755	4.4531347	4.7134242	4.9940263125	5.2938137	5.61318735	5.9517295375	6.3045296375	6.6766061
268.0	3.8586355875	4.0627783875	4.2851556125	4.5290447125	4.7930168375	5.0773013875	5.3807177625	5.703616425	6.0455270875	6.4014722375	6.7764502375
270.0	3.9242718	4.1318128375	4.3577087125	4.6052124375	4.8728409	5.1607725	5.4677735875	5.7941444625	6.1393629125	6.4983862625	6.876193075
272.0	3.9901845125	4.2011213625	4.4305258625	4.68162555	4.952882875	5.244425	5.5549656125	5.88475515	6.233220275	6.595254825	6.97581785
274.0	4.0563653375	4.2706943125	4.5035961125	4.75827185	5.03312935	5.328244425	5.642278475	5.9754324875	6.327082775	6.692061425	7.0753082625
276.0	4.122805875	4.340522075	4.5769086	4.83513925	5.1135670625	5.4122165125	5.729697075	6.0661607875	6.4209344	6.7887899875	7.1746485
278.0	4.189497775	4.4105950625	4.6504525	4.9122157125	5.1941829125	5.496327175	5.817206575	6.15692465	6.514759475	6.88542485	7.2738232
280.0	4.2564327	4.48090375	4.7242170625	4.98948935	5.274963925	5.5805625375	5.904792375	6.247709	6.6085426875	6.9819507625	7.37281745
282.0	4.323602325	4.551438625	4.798191625	5.066948375	5.3558973	5.6649089375	5.9924401375	6.338499075	6.702269125	7.078352875	7.4716167875
284.0	4.390998375	4.6221902625	4.8723656	5.1445811	5.436970375	5.7493529	6.080135775	6.4292803875	6.795924175	7.17461675	7.5702072
286.0	4.458612575	4.69314925	4.946728475	5.222375975	5.51817065	5.8338811625	6.1678654625	6.5200388	6.889493625	7.2707283625	7.6685751375
288.0	4.5264367125	4.7643062625	5.0212698125	5.3003215375	5.599485825	5.9184807	6.2556156375	6.6107604625	6.9829636	7.366674075	7.76670745
290.0	4.5944626	4.8356520125	5.0959792875	5.3784065125	5.680903725	6.00313865	6.343373	6.7014318375	7.0763206	7.4624406375	7.8645914375
292.0	4.6626820625	4.9071772625	5.17084665	5.4566197	5.762412375	6.0878424375	6.431124525	6.792039725	7.1695514625	7.558015225	7.9622148
294.0	4.731087	4.9788728875	5.2458617375	5.53495005	5.8439999625	6.1725796375	6.51885745	6.8825712	7.2626433875	7.65338535	8.0595657
296.0	4.7996693375	5.050729775	5.321014525	5.61338665	5.9256548625	6.2573381	6.60655925	6.9730136625	7.3555839	7.7485389625	8.15663265
298.0	4.8684210375	5.1227389125	5.3962950375	5.691918725	6.0073656125	6.3421058625	6.6942177125	7.0633548125	7.4483608875	7.8434643375	8.253404625
300.0	4.937334125	5.1948913375	5.4716934375	5.7705356625	6.0891209375	6.426871225	6.7818208375	7.1535826625	7.5409626	7.9381501625	8.34987095
302.0	5.0064006625	5.2671782125	5.5471999875	5.84922695	6.1709097625	6.5116226625	6.86935695	7.243685525	7.633377575	8.032585475	8.446021375
304.0	5.075612775	5.3395907	5.6228050625	5.92798225	6.2527211875	6.5963489	6.9568146	7.333652025	7.7255947375	8.1267596625	8.5418459875
306.0	5.144962625	5.412120125	5.6984991375	6.0067913875	6.3345445	6.6810389125	7.0441826	7.4234710625	7.8176033	8.2206625	8.6373353125
308.0	5.21444245	5.4847578375	5.7742728375	6.0856443	6.4163691625	6.765681875	7.13145005	7.5131318625	7.9093928375	8.3142841	8.7324802
310.0	5.2840445125	5.5574953	5.85011685	6.1645311	6.49818485	6.850267175	7.2186063	7.6026239375	8.0009532375	8.4076149	8.827271875
312.0	5.3537612	5.63032405	5.9260220375	6.2434420625	6.5799814125	6.93478445	7.30564095	7.691937075	8.092274675	8.5006457	8.9217019
314.0	5.4235848875	5.703235725	6.0019793375	6.3223676125	6.6617489	7.019223575	7.3925438875	7.781061375	8.1833476875	8.5933676375	9.0157622125
316.0	5.49350805	5.7762220625	6.07797985	6.4012983	6.7434775375	7.1035746	7.479305225	7.8699872125	8.2741631	8.6857721625	9.109445075
318.0	5.56352325	5.84927485	6.154014775	6.4802248875	6.8251577625	7.187827875	7.5659153375	7.95870525	8.3647120375	8.77785105	9.2027430875
320.0	5.6336230875	5.9223860375	6.2300754375	6.55913825	6.9067802	7.2719739	7.6523648875	8.0472064	8.4549859375	8.8695964125	9.2956491625
322.0	5.703800225	5.995547625	6.3061533	6.63802945	6.98833565	7.3560034375	7.7386447375	8.1354819125	8.5449765125	8.9610006375	9.3881565625
324.0	5.77404745	6.068751725	6.3822399625	6.7168897	7.0698151125	7.4399074625	7.8247460375	8.2235232375	8.6346758	9.05205645	9.4802588125
326.0	5.84435755	6.14199055	6.4583271375	6.7957103625	7.1512098	7.523677175	7.9106601625	8.3113221625	8.724076075	9.1427568375	9.571949775
328.0	5.91472345	6.2152564125	6.534406675	6.874483	7.232511075	7.6073039875	7.99637875	8.398870675	8.8131699625	9.2330951	9.6632236125
330.0	5.985138125	6.2885417375	6.610470575	6.953199275	7.3137105375	7.690779525	8.08189365	8.4861610875	8.9019502875	9.3230648375	9.7540747625
332.0	6.055594625	6.36183905	6.686510925	7.031851075	7.3947999375	7.77409565	8.1671969875	8.5731859	8.9904101875	9.4126599125	9.84449795
334.0	6.1260860875	6.4351409875	6.7625200125	7.1104304	7.475771225	7.8572444125	8.252281075	8.6599379375	9.078543075	9.5018744375	9.9344881625
336.0	6.1966057375	6.508440275	6.8384901875	7.1889294375	7.5566165625	7.9402180875	8.3371385125	8.7464102125	9.1663426	9.5907028375	10.0240406875
338.0	6.2671468875	6.581729775	6.9144139875	7.2673405375	7.63732825	8.0230091625	8.4217620875	8.8325960125	9.2538026625	9.6791397875	10.11315105
340.0	6.3377029	6.655002425	6.990284075	7.3456562	7.717898825	8.1056103125	8.5061448375	8.918488875	9.34091745	9.767180175	10.201815025
342.0	6.4082672625	6.7282513	7.0660932125	7.4238690875	7.7983209625	8.1880144375	8.59028	9.00408255	9.42768135	9.8548192	10.2900286625
344.0	6.478833525	6.8014695625	7.1418343625	7.501972025	7.8785875625	8.2702146375	8.67416105	9.089371025	9.5140890125	9.9420522625	10.377788225
346.0	6.5493953375	6.874650525	7.21750055	7.579958	7.958691675	8.3522042125	8.757781675	9.174348525	9.6001353375	10.0288750125	10.4650902375
348.0	6.619946425	6.947787575	7.2930849875	7.6578201375	8.0386265375	8.4339766375	8.8411357875	9.2590095	9.6858154375	10.11528335	10.551931425
350.0	6.6904806125	7.0208742	7.368581	7.73555175	8.118385575	8.5155256375	8.924217475	9.3433486125	9.771124625	10.2012733625	10.638308775
352.0	6.7609918125	7.0939040625	7.4439820625	7.8131462875	8.197962375	8.5968450625	9.0070210625	9.427360725	9.8560584875	10.2868413875	10.7242194375
354.0	6.831474025	7.1668708625	7.519281775	7.89059735	8.2773507125	8.677929	9.0895410625	9.5110409375	9.9406127875	10.3719839625	10.809660825
356.0	6.9019213375	7.2397684625	7.59447385	7.967898725	8.3565445125	8.7587717125	9.1717721875	9.59438455	10.0247835125	10.4566978625	10.8946305125
358.0	6.972327925	7.312590825	7.6695521875	8.0450443125	8.4355379125	8.83936765	9.2537093625	9.67738705	10.10856685	10.5409800125	10.9791263125
360.0	7.0426880875	7.3853320125	7.7445107625	8.1220282	8.514325175	8.919711425	9.3353476875	9.76004415	10.1919591875	10.6248276	11.0631462
362.0	7.112996175	7.457986225	7.819343725	8.198844575	8.59290075	8.9997978625	9.41668245	9.842351725	10.2749571125	10.7082379625	11.14668835
364.0	7.1832466375	7.53054775	7.8940453375	8.2754878375	8.6712592375	9.079621925	9.4977091375	9.9243058625	10.3575573875	10.791208625	11.229751125
366.0	7.25343405	7.603011	7.9686099875	8.3519525	8.749395425	9.1591787875	9.5784233875	10.005902825	10.439757	10.8737373125	11.3123330375
368.0	7.32355305	7.6753705	8.0430322	8.4282332125	8.8273042375	9.2384637625	9.65882105	10.0871390625	10.5215530625	10.9558219375	11.3944327875
370.0	7.3935983625	7.747620875	8.1173066375	8.5043247875	8.9049807625	9.3174723625	9.73889815	10.1680112125	10.602942925	11.03746055	11.47604925
372.0	7.4635648375	7.8197568875	8.1914280875	8.5802221875	8.98242025	9.3962002375	9.81865085	10.2485160375	10.68392405	11.1186513875	11.55718145
374.0	7.5334474	7.891773375	8.26539145	8.6559204875	9.0596181	9.4746432	9.8980755	10.32865055	10.764494125	11.1993928625	11.63782855
376.0	7.60324105	7.9636653125	8.3391917625	8.7314149375	9.1365698625	9.55279725	9.977168625	10.40841185	10.84465095	11.279683525	11.7179899
378.0	7.672940925	8.035427775	8.4128241875	8.8067008875	9.213271225	9.630658525	10.0559268875	10.4877972375	10.9243925125	11.3595220875	11.797664975
380.0	7.7425422125	8.10705595	8.486284025	8.8817738625	9.28971805	9.7082233	10.1343471375	10.5668041875	11.00371695	11.4389074	11.8768533625
382.0	7.8120402125	8.178545125	8.5595666625	8.9566295125	9.365906325	9.785488025	10.2124263375	10.645430275	11.0826225625	11.5178384875	11.95555485
384.0	7.8814303125	8.2498907125	8.632667625	9.031263575	9.4418321625	9.8624492875	10.2901616375	10.723673275	11.1611077625	11.596314475	12.0337692875
386.0	7.9507080125	8.3210882125	8.7055825875	9.105672	9.5174918625	9.9391038375	10.3675503125	10.801531075	11.2391711375	11.6743346625	12.1114966875
388.0	8.0198688625	8.39213325	8.7783073	9.1798507875	9.5928818	10.015448525	10.4445898	10.8790017375	11.3168113875	11.7518984375	12.1887371875
390.0	8.08890855	8.4630215375	8.85083765	9.253796125	9.6679985375	10.091480375	10.52127765	10.9560834375	11.3940273875	11.8290053625	12.2654910375
392.0	8.157822825	8.5337488875	8.92316965	9.327504275	9.74283875	10.16719655	10.597611575	11.0327744875	11.4708180875	11.905655075	12.3417586
394.0	8.226607525	8.60431125	8.9952994	9.400971675	9.817399225	10.2425943125	10.6735894125	11.1090733375	11.5471826	11.981847375	12.417540325
396.0	8.2952586	8.67470465	9.0672231375	9.4741948375	9.8916769125	10.3176711	10.7492091375	11.1849785625	11.6231201625	12.0575821625	12.4928368125
398.0	8.3637720875	8.744925225	9.1389372125	9.547170425	9.96566885	10.3924244375	10.8244688375	11.260488875	11.698630125	12.132859425	12.5676487375
400.0	8.432144075	8.8149691875	9.2104380625	9.6198952	10.0393722375	10.4668520125	10.899366725	11.3356031	11.773711925	12.2076792875	12.641976875
402.0	8.5003708	8.8848329	9.28172225	9.6923660625	10.112784375	10.5409515875	10.9739011625	11.410320175	11.8483651625	12.2820419875	12.7158220875
404.0	8.5684485375	8.9545127625	9.35278645	9.76458	10.18590265	10.6147210875	11.0480705875	11.48463915	11.9225895125	12.355947825	12.78918535
406.0	8.636373675	9.024005325	9.42362745	9.8365341375	10.2587246375	10.6881585375	11.1218735875	11.5585592125	11.9963847625	12.429397225	12.8620677125
408.0	8.704142675	9.0933072125	9.4942421	9.9082256875	10.33124795	10.7612620875	11.19530885	11.6320796125	12.0697508	12.5023907	12.9344702875
410.0	8.7717521	9.16241515	9.5646273875	9.9796519875	10.4034703625	10.8340299625	11.268375175	11.7051997375	12.142687625	12.57492885	13.006394325
412.0	8.8391985875	9.2313259375	9.6347804125	10.0508104625	10.47538975	10.90646055	11.3410714625	11.7779190875	12.2151953125	12.6470123625	13.0778410875
414.0	8.90647885	9.3000364875	9.70469835	10.1216986625	10.5470040625	10.9785523	11.413396725	11.8502372375	12.28727405	12.718642025	13.1488119625
416.0	8.9735896875	9.3685438	9.774378475	10.1923142375	10.6183114	11.0503038	11.4853500625	11.9221538625	12.3589240875	12.7898186875	13.2193083875
418.0	9.0405280125	9.436844975	9.843818175	10.2626549375	10.689309925	11.1217137125	11.5569306875	11.993668725	12.4301458	12.8605432875	13.28933185
420.0	9.1072907875	9.5049371875	9.9130149125	10.332718575	10.7599979375	11.1927808	11.6281379	12.0647817125	12.5009396125	12.9308168125	13.35888395
422.0	9.17387505	9.5728177	9.9819662625	10.402503125	10.8303738	11.26350395	11.6989711	12.1354927625	12.5713060375	13.000640375	13.4279663
424.0	9.24027795	9.640483875	10.050669875	10.4720066	10.9004359875	11.3338821125	11.7694297875	12.2058019125	12.6412456875	13.0700151	13.4965806
426.0	9.3064966875	9.70793315	10.1191235	10.541227125	10.970183075	11.4039143375	11.8395135125	12.275709275	12.710759225	13.1389422125	13.564728625
428.0	9.37252855	9.77516305	10.187324975	10.61016295	11.039613725	11.473599775	11.90922195	12.34521505	12.7798473875	13.207423	13.63241215
430.0	9.4383709125	9.8421711875	10.2552722375	10.67881235	11.1087266625	11.5429376625	11.9785548375	12.414319525	12.848511	13.2754588125	13.6996330625
432.0	9.5040212125	9.90895525	10.322963275	10.747173725	11.1775207375	11.6119273	12.0475120125	12.4830230375	12.9167509375	13.3430510375	13.7663932625
434.0	9.5694769625	9.9755130125	10.3903962	10.815245575	11.2459948625	11.6805680875	12.1160933625	12.5513260125	12.98456815	13.4102011375	13.8326947
436.0	9.634735775	10.0418423125	10.4575691875	10.88302645	11.31414805	11.7488595125	12.184298875	12.61922895	13.0519636375	13.4769106375	13.8985394
438.0	9.6997953	10.1079411	10.5244805	10.950515	11.381979375	11.816801125	12.2521285875	12.6867324	13.1189384875	13.5431811	13.9639293875
440.0	9.764653275	10.173807375	10.59112845	11.0177099625	11.4494880125	11.8843925625	12.31958265	12.753837	13.1854938125	13.609014125	14.0288667625
442.0	9.8293075125	10.2394392	10.6575114875	11.084610125	11.5166731875	11.9516335125	12.386661225	12.820543425	13.2516308	13.6744114	14.09335365
444.0	9.8937559	10.3048347625	10.7236280875	11.1512143875	11.583534225	12.0185237875	12.4533646	12.8868524375	13.3173506875	13.739374625	14.1573922
446.0	9.9579964	10.369992275	10.789476825	11.2175217	11.6500705125	12.0850632	12.5196930875	12.9527648375	13.382654775	13.80390555	14.2209846375
448.0	10.022027	10.4349100375	10.8550563375	11.2835311	11.7162815	12.1512516875	12.5856470625	13.0182814875	13.4475443875	13.868005975	14.284133175
450.0	10.0858458125	10.499586425	10.9203653375	11.3492416875	11.782166725	12.2170892375	12.651227	13.083403325	13.5120209125	13.931677725	14.346840075
452.0	10.1494509875	10.5640199	10.9854026125	11.414652625	11.8477258	12.282575875	12.7164334	13.1481313125	13.576085775	13.9949226875	14.4091076375
454.0	10.2128407375	10.6282089375	11.0501670125	11.479763175	11.912958375	12.347711725	12.7812668125	13.212466475	13.639740475	14.05774275	14.470938175
456.0	10.27601335	10.6921521375	11.1146574625	11.5445726375	11.977864175	12.4124969625	12.8457278875	13.276409875	13.7029865	14.120139875	14.5323340375
458.0	10.338967175	10.7558481375	11.17887295	11.6090803875	12.0424429875	12.4769318	12.9098172625	13.33996265	13.765825425	14.1821160375	14.5932976
460.0	10.401700625	10.81929565	11.2428125375	11.6732858625	12.1066946875	12.541016525	12.9735357	13.4031259625	13.82825885	14.2436732125	14.65383125
462.0	10.4642121625	10.8824934375	11.306475325	11.7371885625	12.170619175	12.6047514875	13.03688395	13.4659010125	13.8902883875	14.304813475	14.7139374
464.0	10.5265003375	10.94544035	11.3698605	11.80078805	12.2342164125	12.6681370875	13.0998628625	13.5282890625	13.951915725	14.36553885	14.773618475
466.0	10.5885637125	11.0081352625	11.4329673	11.86408395	12.297486425	12.73117375	13.162473275	13.5902913875	14.01314255	14.4258514625	14.83287695
468.0	10.650400975	11.0705771375	11.495795025	11.927075925	12.3604293125	12.793861975	13.224716125	13.6519093375	14.0739706	14.4857533875	14.891715275
470.0	10.7120108125	11.132765	11.5583430375	11.9897637375	12.4230452	12.856202325	13.286592375	13.713144275	14.134401625	14.5452467875	14.95013595
472.0	10.7733919875	11.1946979	11.6206107375	12.05214715	12.4853342625	12.918195375	13.348103	13.7739975875	14.1944374375	14.6043338125	15.0081414625
474.0	10.8345433375	11.256374975	11.682597625	12.1142260125	12.5472967375	12.979841775	13.409249075	13.834470725	14.2540798375	14.663016625	15.0657343375
476.0	10.895463725	11.3177954125	11.7443031875	12.1760002375	12.608932925	13.0411422	13.4700316625	13.8945651625	14.3133306875	14.72129745	15.1229170875
478.0	10.956152075	11.3789584375	11.805727025	12.23746975	12.6702431375	13.1020973875	13.530451875	13.9542823875	14.3721918375	14.779178475	15.17969225
480.0	11.0166073875	11.4398633375	11.8668687625	12.29863455	12.7312277625	13.162708075	13.5905108625	14.0136239375	14.4306651875	14.83666195	15.2360623625
482.0	11.076828675	11.500509475	11.927728075	12.3594946875	12.791887225	13.2229750875	13.650209825	14.0725913625	14.4887526625	14.8937501125	15.29203
484.0	11.1368150375	11.5608962125	11.9883047	12.4200502375	12.852221975	13.282899275	13.7095499875	14.1311862625	14.546456175	14.950445225	15.3475977125
486.0	11.1965656125	11.6210230125	12.0485984125	12.4803013625	12.9122325375	13.3424815125	13.768532575	14.1894102375	14.6037777	15.00674955	15.402768075
488.0	11.256079575	11.6808893625	12.1086090375	12.540248225	12.97191945	13.4017227125	13.8271589	14.247264925	14.6607192	15.0626653875	15.4575436375
490.0	11.31535615	11.7404948	12.1683364375	12.59989105	13.0312832875	13.460623825	13.88543025	14.3047519875	14.717282675	15.1181950375	15.5119270125
492.0	11.3743946375	11.7998388875	12.2277805375	12.6592301	13.0903247	13.51918585	13.9433479875	14.3618731125	14.7734701125	15.1733407875	15.56592075
494.0	11.4331943375	11.8589212875	12.2869412875	12.7182656875	13.149044325	13.5774097875	14.0009134625	14.41863	14.82928355	15.228104975	15.61952745
496.0	11.4917546375	11.91774165	12.3458187	12.77699815	13.2074428875	13.6352967	14.058128075	14.475024375	14.884725025	15.2824899125	15.6727497
498.0	11.55007495	11.9762997125	12.4044128	12.835427875	13.2655210875	13.69284765	14.1149932375	14.5310579625	14.939796575	15.336497925	15.7255900875
500.0	11.6081547125	12.0345952125	12.4627236875	12.8935552875	13.3232797	13.7500637625	14.1715103875	14.58673255	14.9945002625	15.39013135	15.7780512
502.0	11.6659934625	12.0926279625	12.520751475	12.9513808375	13.3807195375	13.8069461625	14.227681	14.6420499	15.048838175	15.4433925375	15.830135625
504.0	11.7235907	12.1503978125	12.5784963375	13.008905025	13.4378414125	13.8634960125	14.28350655	14.6970118	15.1028123625	15.4962838375	15.88184595
506.0	11.7809460375	12.207904625	12.63595845	13.066128375	13.494646175	13.9197144875	14.33898855	14.7516200625	15.15642495	15.5488075875	15.93318475
508.0	11.8380591	12.2651483375	12.6931380625	13.1230514375	13.5511347375	13.975602825	14.3941285125	14.8058765125	15.209678025	15.60096615	15.984154625
510.0	11.894929525	12.3221288875	12.75003545	13.1796748	13.607308	14.0311622375	14.448928	14.8597829875	15.2625736875	15.6527618875	16.03475815
512.0	11.951557025	12.3788463	12.8066509	13.2359991125	13.6631669	14.0863939875	14.5033885375	14.913341325	15.31511405	15.7041971375	16.0849979
514.0	12.00794135	12.435300575	12.86298475	13.292025	13.7187124125	14.14129935	14.5575117375	14.9665533875	15.3673012625	15.755274275	16.13487645
516.0	12.06408225	12.4914917875	12.9190373875	13.34775315	13.7739455375	14.195879625	14.611299175	15.0194210625	15.4191374125	15.8059956625	16.18439635
518.0	12.1199795625	12.54742005	12.9748091875	13.4031842875	13.828867275	14.2501361375	14.6647524625	15.0719462	15.47062465	15.85636365	16.2335601875
520.0	12.1756331125	12.603085475	13.0303006125	13.458319125	13.8834786875	14.304070225	14.7178732125	15.1241307	15.5217651125	15.9063805875	16.2823705125
522.0	12.231042775	12.6584882375	13.0855121	13.51315845	13.9377808125	14.357683225	14.7706630625	15.1759764625	15.5725609375	15.9560488375	16.3308298625
524.0	12.2862084875	12.7136285375	13.1404441375	13.567703025	13.99177475	14.410976525	14.8231236625	15.227485375	15.6230142625	16.0053707625	16.3789407875
526.0	12.341130175	12.7685065875	13.195097275	13.6219536875	14.0454616125	14.463951525	14.875256675	15.278659375	15.673127225	16.0543487	16.426705825
528.0	12.3958078125	12.823122675	13.2494720125	13.6759112625	14.0988425125	14.5166096	14.9270637625	15.3295003625	15.722901975	16.102985	16.4741275125
530.0	12.450241425	12.87747705	13.3035689625	13.7295766125	14.1519186	14.5689521875	14.9785466	15.380010275	15.77234065	16.151282025	16.52120835
532.0	12.50443105	12.93157005	13.3573887	13.7829506125	14.2046910375	14.620980725	15.0297068875	15.4301910125	15.8214454125	16.1992420875	16.5679508625
534.0	12.55837675	12.985402	13.41093185	13.836034175	14.257161	14.6726966375	15.0805463125	15.480044525	15.8702183875	16.2468675375	16.61435755
536.0	12.6120786125	13.0389732875	13.464199075	13.888828225	14.309329675	14.7241014125	15.1310666	15.52957275	15.9186617375	16.2941607	16.6604309
538.0	12.6655367875	13.0922843	13.5171910125	13.9413337	14.3611983	14.7751964875	15.1812694375	15.5787776125	15.9667775875	16.3411239125	16.7061734
540.0	12.7187514	13.1453354625	13.5699083875	13.9935515625	14.4127680875	14.825983375	15.23115655	15.627661075	16.0145681	16.387759475	16.7515875375
542.0	12.7717226625	13.1981272125	13.6223518875	14.0454828	14.464040275	14.8764635375	15.2807296875	15.67622505	16.0620353875	16.4340697	16.79667575
544.0	12.8244507625	13.250660025	13.674522275	14.0971284125	14.5150161375	14.9266385	15.32999055	15.7244715125	16.1091816	16.4800569125	16.8414405125
546.0	12.8769359375	13.3029344	13.726420275	14.1484894125	14.565696925	14.9765097625	15.3789409	15.7724023875	16.156008875	16.5257233875	16.88588425
548.0	12.92917845	13.3549508375	13.7780466875	14.1995668375	14.616083925	15.0260788625	15.4275824625	15.820019625	16.2025193375	16.5710714375	16.9300094
550.0	12.981178575	13.406709875	13.8294022875	14.250361725	14.6661784375	15.0753473	15.4759169875	15.867325175	16.2487151	16.616103325	16.9738183875
552.0	13.0329366125	13.4582120875	13.8804879	14.30087515	14.715981775	15.124316625	15.5239462375	15.914320975	16.2945983125	16.6608213375	17.017313625
554.0	13.0844529125	13.50945805	13.9313043625	14.351108175	14.765495225	15.172988375	15.57167195	15.961008975	16.3401710625	16.70522775	17.0604974875
556.0	13.1357278125	13.56044835	13.9818525	14.4010619125	14.81472015	15.2213641125	15.6190958875	16.0073911125	16.385435475	16.7493248	17.103372375
558.0	13.1867616875	13.6111836125	14.0321331875	14.45073745	14.8636578625	15.269445375	15.6662198	16.0534693375	16.43039365	16.7931147375	17.1459406625
560.0	13.2375549375	13.6616644875	14.0821473125	14.5001359125	14.9123097125	15.317233725	15.7130454375	16.0992455875	16.4750476875	16.8365998125	17.1882047
562.0	13.2881079625	13.7118916125	14.131895775	14.549258425	14.9606770625	15.3647307375	15.7595745875	16.1447217875	16.5193996875	16.8797822625	17.230166825
564.0	13.3384212125	13.7618656625	14.1813794625	14.5981061375	15.0087612625	15.411937975	15.8058089875	16.1898998875	16.5634517375	16.9226642875	17.2718293875
566.0	13.38849515	13.81158735	14.2305993125	14.6466802	15.0565636875	15.458857025	15.8517504125	16.2347818125	16.6072059125	16.9652481125	17.3131947
568.0	13.4383302375	13.8610573625	14.2795562625	14.6949817625	15.104085725	15.5054894375	15.8974006125	16.279369475	16.6506642875	17.007535925	17.354265075
570.0	13.4879269625	13.910276425	14.3282512625	14.7430120125	15.1513287375	15.5518368125	15.94276135	16.3236648125	16.693828925	17.049529925	17.3950428125
572.0	13.53728585	13.9592452875	14.3766852875	14.790772125	15.198294125	15.597900725	15.9878343875	16.36766975	16.7367018875	17.0912323	17.435530175
574.0	13.586407425	14.0079646875	14.4248592875	14.8382633	15.2449832875	15.64368275	16.0326214875	16.411386175	16.779285225	17.1326452	17.4757294375
576.0	13.635292225	14.0564354125	14.472774275	14.885486725	15.2913976125	15.6891845	16.0771244	16.454816025	16.8215809875	17.1737707875	17.5156428625
578.0	13.6839408125	14.1046582375	14.52043125	14.9324436125	15.3375385125	15.7344075375	16.121344875	16.4979612	16.8635912125	17.214611225	17.555272675
580.0	13.732353775	14.1526339625	14.5678312	14.979135175	15.3834074	15.779353475	16.165284675	16.540823575	16.9053179125	17.255168625	17.5946211125
582.0	13.7805317125	14.200363375	14.6149751625	15.0255626375	15.429005675	15.8240238875	16.20894555	16.583405075	16.9467631125	17.2954451125	17.633690375
584.0	13.8284752125	14.247847325	14.66186415	15.071727225	15.474334775	15.8684203625	16.25232925	16.6257075625	16.9879288125	17.335442825	17.672482675
586.0	13.8761849	14.2950866375	14.708499225	15.1176301875	15.5193961	15.9125444875	16.2954375	16.6677329375	17.028817025	17.3751638375	17.7110001875
588.0	13.923661425	14.34208215	14.754881425	15.1632727375	15.5641910875	15.956397875	16.3382720625	16.7094830625	17.06942975	17.41461025	17.749245075
590.0	13.9709054375	14.388834725	14.8010117875	15.20865615	15.6087211625	15.9999820875	16.380834675	16.7509598	17.10976895	17.4537841375	17.7872195
592.0	14.0179176	14.435345225	14.8468914125	15.253781675	15.6529877375	16.0432987375	16.42312705	16.7921650375	17.1498366	17.4926875625	17.8249256125
594.0	14.064698575	14.481614525	14.8925213375	15.29865055	15.69699225	16.0863494	16.4651509375	16.8331006	17.1896346625	17.5313225875	17.862365525
596.0	14.111249075	14.5276435375	14.9379026625	15.34326405	15.7407361375	16.12913565	16.50690805	16.8737683625	17.2291651	17.5696912375	17.8995413625
598.0	14.1575697875	14.573433125	14.9830364625	15.387623425	15.784220825	16.1716590875	16.548400125	16.9141701375	17.26842985	17.60779555	17.9364552125
600.0	14.203661425	14.6189842125	15.0279238375	15.4317299625	15.8274477375	16.2139213	16.58962885	16.9543077875	17.30743085	17.6456375375	17.97310915
602.0	14.2495247125	14.6642977125	15.072565875	15.4755849375	15.870418325	16.25592385	16.6305959625	16.9941831	17.3461700125	17.6832192125	18.0095052625
604.0	14.295160375	14.70937455	15.1169636875	15.5191896	15.913134	16.2976683125	16.6713031625	17.033797925	17.38464925	17.7205425625	18.0456456
606.0	14.3405691875	14.75421565	15.1611183875	15.56254525	15.955596225	16.3391562875	16.7117521375	17.0731540625	17.422870475	17.7576095625	18.0815321875
608.0	14.385751875	14.79882195	15.2050310875	15.6056531625	15.9978064	16.3803893125	16.7519445875	17.1122533125	17.460835575	17.794422175	18.1171670625
610.0	14.430709225	14.8431944125	15.2487029	15.6485146	16.0397659875	16.4213689875	16.7918822	17.1510974625	17.4985464375	17.8309823625	18.1525522375
612.0	14.4754419875	14.887333975	15.2921349625	15.691130875	16.0814764	16.46209685	16.8315666625	17.1896883	17.5360049125	17.86729205	18.1876897125
614.0	14.5199509625	14.9312416	15.3353283875	15.7335032625	16.1229390625	16.5025744875	16.87099965	17.2280276	17.573212875	17.9033531875	18.22258145
616.0	14.5642369375	14.9749182625	15.3782843125	15.77563305	16.164155425	16.542803425	16.910182825	17.2661171375	17.610172175	17.939167675	18.257229425
618.0	14.6083007125	15.0183649125	15.421003875	15.817521525	16.2051269	16.58278525	16.9491178625	17.30395865	17.64688465	17.974737425	18.2916356
620.0	14.6521431	15.06158255	15.4634882	15.859169975	16.2458549125	16.6225214875	16.9878064125	17.3415539125	17.6833521125	18.0100643125	18.3258019125
622.0	14.6957649	15.1045721625	15.5057384625	15.900579675	16.2863409	16.6620136875	17.026250125	17.37890465	17.7195764	18.045150225	18.3597302625
624.0	14.73916695	15.1473347125	15.5477557625	15.9417519375	16.326586275	16.7012633875	17.0644506375	17.4160126125	17.7555593125	18.079997025	18.3934225875
626.0	14.782350075	15.1898712	15.5895412875	15.98268805	16.36659245	16.740272125	17.1024096	17.4528794875	17.791302625	18.1146065625	18.426880775
628.0	14.825315125	15.2321826375	15.63109615	16.023389275	16.40636085	16.7790414375	17.140128625	17.489507025	17.82680815	18.1489806875	18.4601066875
630.0	14.8680629125	15.274270025	15.672421525	16.0638569375	16.445892875	16.8175728375	17.17760935	17.5258969125	17.8620776375	18.1831212	18.493102225
632.0	14.9105943125	15.31613435	15.7135185625	16.1040922875	16.4851899625	16.85586785	17.214853375	17.5620508375	17.89711285	18.2170299375	18.5258692
634.0	14.952910175	15.3577766375	15.7543884	16.14409665	16.5242535	16.893928	17.251862325	17.5979705	17.93191555	18.250708675	18.558409475
636.0	14.9950113625	15.3991978875	15.7950322125	16.183871275	16.5630849	16.931754775	17.288637775	17.6336575625	17.9664874625	18.284159225	18.5907248625
638.0	15.036898725	15.440399125	15.8354511375	16.223417475	16.60168555	16.9693496875	17.3251813375	17.6691137	18.0008303125	18.31738335	18.6228171875
640.0	15.07857315	15.4813813625	15.87564635	16.262736525	16.6400568625	17.0067142375	17.3614945875	17.7043405625	18.034945825	18.3503828	18.654688225
642.0	15.1200355	15.5221456375	15.9156189875	16.3018297	16.6782002125	17.0438499125	17.3975791	17.7393398	18.0688357125	18.38315935	18.6863397625
644.0	15.1612866625	15.56269295	15.9553702125	16.340698275	16.7161170125	17.0807582	17.43343645	17.7741130625	18.10250165	18.4157147125	18.7177735625
646.0	15.202327525	15.6030243375	15.9949012	16.3793435375	16.7538086375	17.1174405875	17.4690681875	17.80866195	18.1359453125	18.4480506125	18.7489913875
648.0	15.243158975	15.643140825	16.034213075	16.4177667625	16.7912764625	17.1538985375	17.504475875	17.8429881	18.1691684	18.480168775	18.779994975
650.0	15.2837819125	15.68304345	16.073307025	16.455969225	16.8285218625	17.1901335125	17.53966105	17.877093125	18.20217255	18.5120708875	18.81078605
652.0	15.3241972125	15.7227332375	16.1121841875	16.4939521875	16.8655462125	17.2261469875	17.57462525	17.9109786	18.2349594	18.5437586375	18.8413663125
654.0	15.3644057875	15.762211225	16.1508457375	16.5317169125	16.9023508875	17.2619404	17.60937	17.9446461375	18.2675306125	18.5752336875	18.871737475
656.0	15.4044085375	15.8014784375	16.1892928	16.5692646875	16.93893725	17.2975152125	17.643896825	17.9780972875	18.2998878	18.6064977125	18.9019012
658.0	15.4442063625	15.8405359125	16.2275265625	16.60659675	16.97530665	17.3328728625	17.678207225	18.01133365	18.332032575	18.63755235	18.931859175
660.0	15.4838001875	15.8793846875	16.26554815	16.643714375	17.0114604375	17.368014775	17.7123027125	18.0443567625	18.36396655	18.6683992375	18.9616130625
662.0	15.5231909	15.9180258	16.303358725	16.6806188125	17.0473999625	17.4029423875	17.7461847875	18.0771681875	18.3956913	18.69904	18.9911644875
664.0	15.5623794375	15.9564602875	16.3409594375	16.7173113125	17.083126575	17.4376571125	17.7798549125	18.10976945	18.4272084125	18.72947625	19.0205150875
666.0	15.6013667	15.9946891875	16.37835145	16.7537931375	17.1186416125	17.4721603625	17.8133145875	18.1421620875	18.45851945	18.7597095625	19.049666475
668.0	15.6401536	16.0327135375	16.415535875	16.7900655125	17.1539463875	17.50645355	17.846565275	18.1743476125	18.489625975	18.78974155	19.0786202625
670.0	15.6787410625	16.0705343625	16.4525138875	16.8261296875	17.18904225	17.540538075	17.879608425	18.2063275375	18.5205295375	18.819573775	19.107378025
672.0	15.7171300125	16.1081527125	16.489286625	16.8619869	17.2239305125	17.574415325	17.9124454875	18.2381033625	18.551231675	18.8492078	19.1359413625
674.0	15.755321375	16.1455696125	16.525855225	16.897638375	17.2586124875	17.6080866875	17.945077925	18.269676575	18.5817339	18.878645175	19.1643118125
676.0	15.7933160625	16.1827861125	16.5622208125	16.9330853625	17.2930895	17.6415535375	17.97750715	18.30104865	18.612037725	18.907887425	19.1924909375
678.0	15.831115	16.2198032375	16.5983845375	16.9683290875	17.327362825	17.6748172375	18.0097346125	18.3322210625	18.6421446625	18.9369360875	19.220480275
680.0	15.8687191125	16.256622025	16.6343475375	17.00337075	17.361433775	17.707879175	18.0417617	18.363195275	18.6720562	18.9657926625	19.24828135
682.0	15.906129325	16.2932435125	16.6701109375	17.038211575	17.39530365	17.7407406875	18.0735898375	18.3939727125	18.7017738125	18.9944586625	19.275895675
684.0	15.943346575	16.3296687125	16.7056758625	17.0728527875	17.4289737375	17.773403125	18.105220425	18.42455485	18.731298975	19.0229355625	19.30332475
686.0	15.980371775	16.3658986875	16.7410434375	17.1072955875	17.4624453	17.805867825	18.13665485	18.4549430875	18.7606331375	19.0512248625	19.3305700625
688.0	16.0172058625	16.40193445	16.7762147875	17.141541175	17.495719625	17.8381361375	18.1678945	18.48513885	18.78977775	19.079328	19.357633075
690.0	16.0538497625	16.437777025	16.8111910375	17.17559075	17.528797975	17.870209375	18.198940725	18.5151435625	18.81873425	19.10724645	19.3845152625
692.0	16.0903044	16.4734274375	16.8459732875	17.209445525	17.561681625	17.9020888625	18.2297949125	18.5449586125	18.84750405	19.1349816375	19.411218075
694.0	16.1265707	16.508886725	16.8805626625	17.2431066625	17.5943718125	17.9337759	18.260458425	18.5745854	18.8760885875	19.1625350125	19.43774295
696.0	16.1626495875	16.5441559125	16.9149602625	17.2765753625	17.6268698	17.9652718	18.290932575	18.6040252875	18.9044892625	19.189907975	19.4640913125
698.0	16.198542	16.579236	16.9491672125	17.3098528	17.659176825	17.9965778625	18.3212187375	18.63327965	18.93270745	19.2171019375	19.4902645625
700.0	16.2342488625	16.614128025	16.9831845875	17.34294015	17.6912941375	18.0276953625	18.351318225	18.6623498625	18.9607445375	19.2441182875	19.5162641125
702.0	16.2697710875	16.648833	17.0170135125	17.3758385875	17.7232229375	18.0586256	18.38123235	18.6912372625	18.9886019125	19.270958425	19.54209135
704.0	16.3051096125	16.6833519375	17.0506550625	17.408549275	17.7549644875	18.089369825	18.41096245	18.7199432	19.016280925	19.297623725	19.5677476625
706.0	16.34026535	16.71768585	17.0841103375	17.441073375	17.786519975	18.119929325	18.4405098	18.7484689875	19.043782925	19.3241155375	19.5932343875
708.0	16.375239225	16.75183575	17.117380425	17.4734120375	17.817890625	18.15030535	18.4698757125	18.776815975	19.0711092625	19.3504352125	19.6185529125
710.0	16.410032175	16.78580265	17.1504664125	17.5055664125	17.84907765	18.1804991375	18.4990614625	18.8049854625	19.09826125	19.3765841	19.6437045625
712.0	16.4446451125	16.8195875375	17.1833693625	17.53753765	17.880082225	18.21051195	18.52806835	18.83297875	19.125240225	19.4025635125	19.668690675
714.0	16.4790789375	16.8531914375	17.216090375	17.569326875	17.910905575	18.240345025	18.5568976125	18.8607971375	19.1520474875	19.4283748	19.69351255
716.0	16.5133346	16.8866153375	17.2486305	17.6009352375	17.94154885	18.2699995625	18.585550525	18.8884419	19.1786843375	19.4540192375	19.718171525
718.0	16.547413	16.919860225	17.280990825	17.63236385	17.97201325	18.2994768125	18.61402835	18.9159143125	19.205152075	19.479498125	19.742668875
720.0	16.58131505	16.952927125	17.3131724	17.66361385	18.00229995	18.3287779625	18.6423323125	18.94321565	19.2314519625	19.504812775	19.7670059
722.0	16.6150416625	16.9858169875	17.345176275	17.69468635	18.0324101	18.3579042375	18.6704636625	18.9703471625	19.257585275	19.529964425	19.7911838625
724.0	16.6485937625	17.0185308375	17.377003525	17.72558245	18.062344875	18.386856825	18.6984236125	18.9973101	19.2835532875	19.554954375	19.8152040375
726.0	16.6819722375	17.0510696375	17.4086551875	17.756303275	18.092105425	18.415636925	18.7262133875	19.0241056875	19.309357225	19.5797838625	19.839067675
728.0	16.715178025	17.083434375	17.4401323125	17.7868499125	18.1216928875	18.4442457	18.7538342	19.050735175	19.3349983375	19.604454125	19.862776
730.0	16.7482120125	17.115626025	17.4714359375	17.8172234625	18.1511084	18.4726843375	18.78128725	19.0771997625	19.3604778625	19.6289664125	19.886330275
732.0	16.7810751	17.1476455625	17.5025671125	17.8474250125	18.1803531	18.500954	18.8085737125	19.103500675	19.3857970125	19.653321925	19.9097317
734.0	16.8137682	17.179493975	17.53352685	17.87745565	18.209428125	18.52905585	18.8356948	19.1296391	19.410957	19.6775219	19.9329814875
736.0	16.8462922125	17.2111722125	17.5643161875	17.90731645	18.238334575	18.5569910375	18.8626516625	19.1556162375	19.4359590125	19.7015675375	19.9560808375
738.0	16.8786480375	17.24268125	17.59493615	17.937008475	18.267073575	18.5847607125	18.8894454875	19.1814332625	19.4608042625	19.7254600125	19.9790309375
740.0	16.91083655	17.2740220375	17.6253877625	17.9665328125	18.2956462375	18.612366	18.916077425	19.2070913625	19.485493925	19.749200525	20.001832975
742.0	16.9428586625	17.30519555	17.655672025	17.9958905125	18.3240536375	18.6398080375	18.942548625	19.2325916875	19.5100291625	19.77279025	20.0244881
744.0	16.9747152625	17.336202725	17.68578995	18.0250826375	18.3522968875	18.66708795	18.968860225	19.2579354	19.5344111375	19.796230325	20.0469975
746.0	17.006407225	17.367044525	17.71574255	18.0541102125	18.380377075	18.6942068375	18.995013375	19.28312365	19.558641025	19.8195219375	20.0693623
748.0	17.03793545	17.3977218875	17.7455308125	18.0829743125	18.408295275	18.721165825	19.0210091875	19.308157575	19.58271995	19.8426662125	20.0915836375
750.0	17.0693008125	17.4282357625	17.77515575	18.1116759625	18.43605255	18.747966	19.0468487875	19.3330383	19.60664905	19.8656642875	20.1136626625
752.0	17.1005042	17.4585870875	17.8046183375	18.1402162	18.463649975	18.7746084625	19.0725332875	19.3577669625	19.63042945	19.8885173	20.135600475
754.0	17.1315464875	17.4887767875	17.8339195625	18.1685960375	18.4910886125	18.8010942875	19.0980637875	19.38234465	19.654062275	19.9112263375	20.1573981875
756.0	17.1624285375	17.5188058125	17.8630604125	18.1968165125	18.5183695125	18.8274245625	19.123441375	19.4067724875	19.677548625	19.9337925375	20.1790569
758.0	17.193151225	17.5486750875	17.89204185	18.2248786375	18.545493725	18.8536003375	19.1486671375	19.4310515625	19.7008896125	19.956216975	20.2005777125
760.0	17.223715425	17.578385525	17.9208648625	18.2527834125	18.5724622875	18.8796227125	19.1737421625	19.4551829625	19.7240863125	19.97850075	20.2219616875
762.0	17.2541220125	17.60793805	17.9495304125	18.28053185	18.5992762375	18.9054927	19.198667525	19.479167775	19.7471398125	20.000644925	20.2432099125
764.0	17.284371825	17.6373335875	17.97803945	18.3081249375	18.6259366	18.9312113875	19.2234442625	19.50300705	19.770051175	20.0226505875	20.2643234375
766.0	17.31446575	17.666573025	18.0063929375	18.335563675	18.6524443875	18.9567797875	19.24807345	19.5267018625	19.7928214875	20.0445188	20.2853033125
768.0	17.3444046125	17.6956573	18.034591825	18.36284905	18.6788006125	18.98219895	19.2725561375	19.550253275	19.8154517875	20.0662505875	20.3061505875
770.0	17.3741893	17.7245873	18.0626370625	18.38998205	18.7050063	19.0074698875	19.29689335	19.573662325	19.8379431125	20.087847025	20.3268663
772.0	17.403820625	17.753363925	18.0905295875	18.4169636375	18.7310624375	19.0325936375	19.3210861375	19.59693005	19.860296525	20.109309125	20.3474514625
774.0	17.433299475	17.7819880625	18.1182703375	18.443794775	18.7569700125	19.0575712	19.3451355125	19.6200574875	19.88251305	20.1306379125	20.3679071125
776.0	17.4626266625	17.810460625	18.14586025	18.47047645	18.7827300375	19.0824035875	19.3690424875	19.6430456375	19.9045936875	20.151834425	20.388234225
778.0	17.4918030375	17.8387824875	18.1733002375	18.4970095875	18.808343475	19.1070917875	19.392808075	19.6658955375	19.926539475	20.17289965	20.4084338375
780.0	17.52082945	17.8669545375	18.200591225	18.523395175	18.8338113	19.1316368125	19.4164332875	19.6886081875	19.9483514	20.1938345875	20.4285069
782.0	17.5497067125	17.89497765	18.2277341375	18.5496341375	18.8591344875	19.156039625	19.4399191	19.711184575	19.970030475	20.2146402375	20.448454425
784.0	17.578435675	17.9228527	18.254729875	18.5757274125	18.884314	19.1803012125	19.4632665125	19.7336257	19.991577675	20.235317575	20.4682773625
786.0	17.60701715	17.9505805625	18.2815793625	18.60167595	18.9093507875	19.20442255	19.4864765	19.75593255	20.012994	20.255867575	20.4879766875
788.0	17.6354519625	17.9781621	18.308283475	18.627480675	18.9342458125	19.2284045875	19.50955005	19.7781060875	20.0342803875	20.2762912125	20.5075533625
790.0	17.66374095	18.005598175	18.3348431375	18.6531425	18.959	19.2522483	19.5324881	19.8001472875	20.0554378375	20.2965894375	20.527008325
792.0	17.6918849125	18.0328896375	18.3612592125	18.67866235	18.9836143	19.275954625	19.555291625	19.8220571	20.0764672875	20.3167632	20.5463425125
794.0	17.7198846625	18.06003735	18.3875326	18.704041125	19.0080896375	19.2995245125	19.577961575	19.8438364875	20.0973696875	20.33681345	20.56555685
796.0	17.7477410125	18.087042175	18.4136641875	18.7292797625	19.03242695	19.3229588875	19.6004988875	19.8654864	20.1181459875	20.3567411	20.584652275
798.0	17.775454775	18.113904925	18.43965485	18.754379125	19.0566271375	19.3462587	19.6229045	19.88700775	20.1387971125	20.3765471	20.6036297
800.0	17.80302675	18.1406264625	18.4655054375	18.7793401375	19.080691125	19.3694248625	19.64517935	19.9084014875	20.159324	20.3962323625	20.622490025
802.0	17.8304577375	18.167207625	18.49121685	18.804163675	19.104619825	19.3924582875	19.6673243375	19.9296685375	20.17972755	20.415797775	20.64123415
804.0	17.8577485375	18.1936492375	18.516789925	18.828850625	19.1284141125	19.4153599	19.6893404125	19.9508098	20.2000086875	20.435244275	20.6598629625
806.0	17.8848999375	18.2199521375	18.542225525	18.8534018625	19.1520749	19.4381305875	19.71122845	19.9718261875	20.2201683125	20.4545727375	20.67837735
808.0	17.9119127125	18.2461171375	18.5675245	18.8778182625	19.175603075	19.46077125	19.7329893625	19.9927186125	20.2402073125	20.4737840375	20.6967782
810.0	17.938787675	18.27214505	18.5926877	18.9021007	19.1989995125	19.4832827875	19.75462405	20.0134879625	20.2601265875	20.4928790875	20.7150663625
812.0	17.965525575	18.2980367	18.6177159625	18.926250025	19.2222651	19.505666075	19.7761334	20.0341351125	20.279927	20.511858725	20.7332427
814.0	17.992127225	18.3237929125	18.642610125	18.9502670875	19.2454007	19.527922	19.7975183	20.05466095	20.29960945	20.53072385	20.7513080625
816.0	18.018593375	18.3494144625	18.667371025	18.9741527625	19.2684071625	19.550051425	19.8187796	20.07506635	20.3191747875	20.5494752875	20.7692633125
818.0	18.0449248	18.374902175	18.691999475	18.997907875	19.291285375	19.572055225	19.8399181875	20.0953521875	20.3386238875	20.5681139	20.7871092625
820.0	18.0711222625	18.4002568375	18.7164963125	19.021533275	19.3140361625	19.59393425	19.860934925	20.1155193	20.357957575	20.5866405375	20.804846775
822.0	18.0971865375	18.42547925	18.74086235	19.0450297875	19.3366603875	19.61568935	19.88183065	20.13556855	20.377176725	20.6050560375	20.8224766375
824.0	18.123118375	18.4505702	18.7650984	19.0683982625	19.3591588875	19.6373213875	19.902606225	20.155500775	20.39628215	20.6233612125	20.8399997
826.0	18.1489185375	18.4755304625	18.7892052625	19.0916394875	19.3815324875	19.6588311875	19.9232624875	20.1753168375	20.4152747	20.6415569	20.85741675
828.0	18.174587775	18.5003608375	18.81318375	19.1147543125	19.403782025	19.6802195875	19.9438002875	20.1950175375	20.4341552	20.6596439	20.8747285875
830.0	18.200126825	18.525062075	18.83703465	19.13774355	19.425908325	19.701487425	19.964220425	20.214603725	20.4529244625	20.6776230375	20.891936025
832.0	18.22553645	18.5496349625	18.8607587625	19.1606079875	19.4479122125	19.7226355125	19.9845237375	20.2340762	20.4715832875	20.6954951125	20.9090398375
834.0	18.250817375	18.5740802625	18.8843568625	19.1833484375	19.469794475	19.7436646625	20.0047110375	20.2534357875	20.4901325	20.7132609	20.9260408125
836.0	18.27597035	18.59839875	18.90782975	19.2059656875	19.4915559375	19.7645757	20.02478315	20.2726833	20.5085728875	20.7309212	20.942939725
838.0	18.3009961	18.6225911625	18.9311782	19.22846055	19.5131974	19.785369425	20.04474085	20.2918195125	20.5269052375	20.7484768	20.9597373375
840.0	18.3258953625	18.646658275	18.954402975	19.2508338	19.5347196375	19.806046625	20.0645849625	20.3108452375	20.54513035	20.7659284625	20.976434425
842.0	18.35066885	18.670600825	18.97750485	19.273086225	19.556123475	19.8266080875	20.084316275	20.32976125	20.5632489875	20.7832769625	20.993031725
844.0	18.3753173	18.6944195625	19.0004845875	19.2952185875	19.5774096625	19.847054625	20.10393555	20.34856835	20.581261925	20.8005230625	21.0095299875
846.0	18.3998414125	18.718115225	19.02334295	19.317231675	19.5985789875	19.867387	20.1234435875	20.3672672875	20.59916995	20.8176675125	21.0259299625
848.0	18.424241925	18.74168855	19.0460806875	19.3391262375	19.6196322375	19.887606	20.1428411625	20.3858588375	20.6169737875	20.8347110625	21.042232375
850.0	18.448519525	18.765140275	19.0686985625	19.36090305	19.6405701625	19.907712375	20.162129025	20.404343775	20.6346742125	20.8516544625	21.0584379625
852.0	18.4726749375	18.7884711375	19.0911973	19.38256285	19.6613935375	19.9277069	20.1813079625	20.4227228375	20.652271975	20.8684984375	21.07454745
854.0	18.4967088625	18.8116818375	19.11357765	19.4041064125	19.6821031125	19.9475903375	20.2003787	20.4409967875	20.6697678	20.885243725	21.09056155
856.0	18.5206219875	18.834773125	19.13584035	19.425534475	19.7026996375	19.967363425	20.2193420125	20.4591663625	20.687162425	20.9018910375	21.106480975
858.0	18.544415025	18.8577456875	19.157986125	19.4468477625	19.7231838625	19.9870269375	20.238198625	20.4772323125	20.7044566	20.9184411	21.122306425
860.0	18.5680886625	18.8806002625	19.1800157	19.4680470375	19.7435565125	20.0065815875	20.2569492875	20.49519535	20.721651025	20.934894625	21.1380386
862.0	18.5916435875	18.90333755	19.2019298125	19.489133	19.76381835	20.0260281125	20.2755947375	20.5130562125	20.738746425	20.951252325	21.1536781875
864.0	18.6150804875	18.9259582375	19.2237291625	19.5101064125	19.7839700875	20.0453672625	20.2941356875	20.5308156125	20.7557435125	20.9675148875	21.1692258875
866.0	18.6384000375	18.9484630375	19.245414475	19.5309679625	19.80401245	20.06459975	20.312572875	20.548474275	20.7726429875	20.9836830125	21.1846823625
868.0	18.6616029125	18.9708526625	19.26698645	19.5517183875	19.8239461625	20.0837263	20.330907	20.5660329125	20.78944555	20.9997573875	21.2000482875
870.0	18.6846898	18.993127775	19.2884458	19.5723583875	19.84377195	20.102747625	20.3491387875	20.5834922125	20.8061519	21.0157386875	21.21532435
872.0	18.7076613625	19.0152890625	19.3097932125	19.5928886625	19.8634905	20.121664425	20.367268925	20.6008528875	20.822762725	21.0316276	21.2305112
874.0	18.7305182625	19.0373372375	19.3310293875	19.6133099375	19.883102525	20.1404774125	20.385298125	20.618115625	20.8392787125	21.0474247875	21.2456094875
876.0	18.7532611625	19.05927295	19.352155025	19.6336229	19.9026087375	20.1591872875	20.403227075	20.6352811125	20.855700525	21.0631309125	21.260619875
878.0	18.775890725	19.0810968875	19.3731707875	19.653828225	19.9220098125	20.1777947375	20.421056475	20.652350025	20.8720288375	21.07874665	21.2755430125
880.0	18.7984076125	19.102809725	19.394077375	19.673926625	19.94130645	20.19630045	20.438787	20.6693230375	20.888264325	21.0942726375	21.290379525
882.0	18.820812475	19.1244121125	19.4148754625	19.693918775	19.9604993375	20.214705125	20.456419325	20.686200825	20.9044076375	21.1097095375	21.3051300625
884.0	18.84310595	19.1459047375	19.435565725	19.71380535	19.9795891625	20.2330094125	20.473954125	20.7029840625	20.9204594375	21.1250579875	21.31979525
886.0	18.8652886875	19.1672882375	19.456148825	19.7335870125	19.998576575	20.2512140125	20.4913920625	20.7196733875	20.936420375	21.1403186125	21.3343757
888.0	18.887361325	19.1885632625	19.476625425	19.75326445	20.0174622625	20.2693195625	20.508733825	20.736269475	20.9522910875	21.1554920625	21.34887205
890.0	18.9093245125	19.2097304875	19.4969961875	19.772838325	20.0362468875	20.2873267625	20.5259800375	20.752772975	20.9680722125	21.1705789625	21.3632849
892.0	18.931178875	19.23079055	19.5172617625	19.792309275	20.0549311	20.3052362375	20.543131375	20.7691845125	20.9837644	21.185579925	21.3776148625
894.0	18.9529250375	19.2517440875	19.5374228125	19.8116779875	20.0735155875	20.3230486625	20.5601884625	20.78550475	20.9993682625	21.2004955625	21.3918625375
896.0	18.9745636375	19.2725917375	19.557479975	19.8309451	20.0920009625	20.340764675	20.577151975	20.8017343	21.0148844375	21.2153265125	21.406028525
898.0	18.9960952875	19.29333415	19.5774339	19.85011125	20.1103878875	20.3583849125	20.5940225125	20.8178738	21.030313525	21.23007335	21.420113425
900.0	19.0175206125	19.313971925	19.5972852125	19.8691770875	20.1286770125	20.3759100375	20.6108007375	20.833923875	21.04565615	21.2447367	21.4341178125
902.0	19.038840225	19.334505725	19.6170345625	19.88814325	20.146868975	20.39334065	20.627487275	20.84988515	21.060912925	21.25931715	21.448042275
904.0	19.06005475	19.3549361625	19.636682575	19.907010375	20.1649643875	20.4106774125	20.644082725	20.865758225	21.07608445	21.2738152875	21.4618874
906.0	19.081164775	19.3752638375	19.656229875	19.9257790875	20.1829639	20.427920925	20.660587725	20.881543725	21.091171325	21.2882317	21.47565375
908.0	19.102170925	19.3954893875	19.6756770875	19.94445	20.200868125	20.445071825	20.6770028875	20.89724225	21.106174125	21.302566975	21.4893419
910.0	19.1230737875	19.4156134125	19.695024825	19.96302375	20.2186776875	20.4621307125	20.6933288	20.9128543875	21.121093475	21.3168217	21.5029524125
912.0	19.1438739625	19.4356365375	19.7142737	19.98150095	20.2363931875	20.4790982	20.7095661	20.92838075	21.135929925	21.3309964125	21.5164858375
914.0	19.16457205	19.45555935	19.733424325	19.9998822	20.25401525	20.4959749	20.7257153625	20.9438219125	21.150684075	21.3450917125	21.529942725
916.0	19.18516865	19.47538245	19.7524773125	20.018168125	20.2715444875	20.512761425	20.7417771875	20.959178475	21.1653564875	21.35910815	21.54332365
918.0	19.2056643375	19.4951064375	19.7714332625	20.0363593125	20.288981475	20.5294583375	20.757752175	20.9744510125	21.17994775	21.3730462875	21.556629125
920.0	19.2260596875	19.5147319125	19.7902927625	20.054456375	20.3063268375	20.5460662625	20.7736409	20.9896401	21.1944584125	21.3869066625	21.5698597125
922.0	19.2463553	19.5342594625	19.8090564125	20.0724599	20.32358115	20.5625857875	20.7894439375	21.0047463	21.2088890375	21.40068985	21.58301595
924.0	19.26655175	19.5536896625	19.8277248	20.090370475	20.3407450125	20.579017475	20.8051618875	21.0197702	21.223240175	21.414396375	21.59609835
926.0	19.2866496	19.5730231	19.8462985125	20.1081886875	20.357819	20.5953619125	20.8207952875	21.0347123375	21.2375124	21.4280267875	21.60910745
928.0	19.3066494375	19.5922603625	19.8647781375	20.125915125	20.3748037	20.611619675	20.8363447375	21.0495733	21.25170625	21.4415816125	21.622043775
930.0	19.3265518125	19.6114020125	19.88316425	20.143550375	20.3916996875	20.62779135	20.8518107875	21.064353625	21.26582225	21.4550613875	21.634907825
932.0	19.3463573	19.630448625	19.901457425	20.1610949875	20.408507525	20.643877475	20.867194	21.0790538625	21.2798609625	21.4684666375	21.6477001375
934.0	19.3660664625	19.6494007625	19.919658225	20.17854955	20.4252278	20.6598786375	20.8824949125	21.09367455	21.2938229	21.4817978875	21.6604212125
936.0	19.3856798375	19.6682590125	19.937767225	20.195914625	20.44186105	20.675795375	20.8977141	21.10821625	21.3077086125	21.49505565	21.67307155
938.0	19.405198	19.6870239	19.9557849875	20.2131907875	20.45840785	20.6916282625	20.9128521	21.1226794875	21.321518625	21.50824045	21.68565165
940.0	19.4246215	19.705696	19.9737120625	20.230378575	20.47486875	20.7073778375	20.92790945	21.1370647875	21.3352534375	21.521352775	21.6981620125
942.0	19.443950875	19.7242758625	19.991549025	20.24747855	20.4912443125	20.7230446375	20.9428866875	21.1513726875	21.3489136	21.53439315	21.7106031375
944.0	19.463186675	19.74276405	20.0092964125	20.264491275	20.507535075	20.738629225	20.95778435	21.1656037125	21.3624995875	21.547362075	21.7229754875
946.0	19.4823294375	19.7611610875	20.0269547625	20.281417275	20.5237415875	20.754132125	20.9726029625	21.179758375	21.3760119375	21.5602600375	21.7352795875
948.0	19.5013797	19.779467525	20.04452465	20.2982571125	20.5398643875	20.7695538625	20.9873430625	21.1938372	21.38945115	21.5730875375	21.747515875
950.0	19.520338	19.7976839125	20.0620065875	20.315011325	20.555904	20.7848949875	21.0020051625	21.2078407	21.402817725	21.5858450625	21.75968485
952.0	19.5392048625	19.815810775	20.0794011375	20.3316804375	20.5718609625	20.8001560125	21.016589775	21.2217693625	21.41611215	21.5985331	21.7717869875
954.0	19.557980825	19.83384865	20.0967088	20.348265	20.5877358125	20.81533745	21.031097425	21.235623725	21.429334925	21.611152125	21.7838227375
956.0	19.5766664	19.85179805	20.1139301375	20.364765525	20.6035290625	20.83043985	21.045528625	21.2494042625	21.4424865375	21.6237026125	21.7957925875
958.0	19.595262125	19.869659525	20.1310656625	20.3811825375	20.61924125	20.8454636875	21.0598838625	21.263111475	21.455567475	21.63618505	21.807696975
960.0	19.6137685	19.8874335875	20.1481159	20.3975165625	20.634872875	20.8604095	21.07416365	21.2767458625	21.468578225	21.6485998875	21.819536375
962.0	19.63218605	19.90512075	20.1650813625	20.413768125	20.65042445	20.8752777875	21.0883684875	21.2903079	21.48151925	21.6609476	21.831311225
964.0	19.6505152875	19.9227215375	20.181962575	20.429937725	20.6658964875	20.89006905	21.102498875	21.3037980875	21.494391025	21.6732286625	21.8430219875
966.0	19.668756725	19.9402364625	20.19876005	20.446025875	20.6812895125	20.9047837875	21.1165552875	21.3172169	21.5071940375	21.6854435125	21.8546690875
968.0	19.6869108625	19.957666025	20.2154743	20.4620331	20.6966039875	20.9194225	21.130538225	21.3305648125	21.5199287375	21.6975926125	21.866253
970.0	19.7049782125	19.975010725	20.2321058125	20.477959875	20.71184045	20.9339856625	21.1444481625	21.3438423	21.5325955875	21.7096764125	21.8777741375
972.0	19.72295925	19.9922710875	20.2486551	20.493806725	20.726999375	20.948473775	21.158285575	21.357049825	21.5451950625	21.72169535	21.8892329375
974.0	19.7408545	20.0094475875	20.265122675	20.509574125	20.74208125	20.962887325	21.1720509625	21.370187875	21.5577275875	21.7336498875	21.9006298375
976.0	19.7586644375	20.02654075	20.2815090125	20.5252625875	20.757086575	20.9772267875	21.1857447625	21.3832568875	21.57019365	21.7455404625	21.9119652625
978.0	19.7763895625	20.0435510375	20.297814625	20.5408725875	20.772015825	20.99149265	21.199367475	21.396257325	21.5825936625	21.7573674875	21.9232396375
980.0	19.79403035	20.06047895	20.314039975	20.5564046125	20.786869475	21.005685375	21.21291955	21.4091896625	21.5949281	21.769131425	21.934453375
982.0	19.8115873125	20.0773249875	20.330185575	20.57185915	20.801648025	21.019805425	21.22640145	21.422054325	21.6071973875	21.7808326875	21.9456069
984.0	19.8290609	20.0940896125	20.3462518875	20.5872366875	20.816351925	21.0338532875	21.239813625	21.4348517875	21.6194019625	21.7924717	21.956700625
986.0	19.8464516	20.1107733125	20.3622394125	20.602537675	20.8309816625	21.0478294	21.25315655	21.447582475	21.6315422625	21.8040488875	21.9677349625
988.0	19.8637599	20.127376575	20.3781486	20.6177626125	20.8455376875	21.06173425	21.2664306625	21.460246825	21.6436187125	21.815564675	21.978710325
990.0	19.8809862625	20.1438998625	20.3939799375	20.63291195	20.8600204875	21.075568275	21.2796364	21.4728453	21.6556317375	21.827019475	21.9896271
992.0	19.8981311625	20.16034365	20.4097339	20.64798615	20.8744305	21.0893319375	21.292774225	21.4853783125	21.667581775	21.8384137	22.0004856875
994.0	19.915195075	20.1767084125	20.42541095	20.6629857	20.8887681875	21.1030256875	21.305844575	21.4978463	21.6794692375	21.84974775	22.0112865
996.0	19.9321784375	20.1929946	20.4410115375	20.6779110375	20.9030340125	21.1166499625	21.3188478875	21.5102496875	21.69129455	21.86102205	22.022029925
998.0	19.9490817375	20.209202675	20.4565361375	20.6927626375	20.9172284125	21.1302052125	21.3317845875	21.5225889	21.7030581125	21.8722369875	22.03271635
1000.0	19.9659054125	20.2253331125	20.4719852	20.707540925	20.93135185	21.1436918625	21.3446551125	21.534864375	21.7147603375	21.88339295	22.0433461625
