temperature	strain-1_energy	strain-2_energy	strain-3_energy	strain-4_energy	strain-5_energy	strain-6_energy	strain-7_energy	strain-8_energy	strain-9_energy	strain-10_energy	strain-11_energy
0.0	-8.806942094250001	-8.851551562874999	-8.88427341325	-8.906277799625	-8.918476791625	-8.921683952625001	-8.916717163125	-8.904383571	-8.885322444125	-8.860016088124999	-8.829186562624999
2.0	-8.806942094250001	-8.851551562874999	-8.88427341325	-8.906277799625	-8.918476791625	-8.921683952625001	-8.916717163125	-8.904383571	-8.885322444125	-8.860016088124999	-8.829186562624999
4.0	-8.806942094250001	-8.851551562874999	-8.88427341325	-8.906277799625	-8.918476791625	-8.921683952625001	-8.916717163125	-8.904383571	-8.885322444125	-8.860016088124999	-8.829186562624999
6.0	-8.806942094250001	-8.851551562874999	-8.884273413375	-8.906277799625	-8.91847679175	-8.921683952750001	-8.91671716325	-8.904383571125	-8.88532244425	-8.86001608825	-8.82918656275
8.0	-8.806942094625	-8.851551563249998	-8.884273413625001	-8.9062778	-8.918476792125	-8.921683953125001	-8.916717163625	-8.9043835715	-8.885322444625	-8.860016088624999	-8.829186563124999
10.0	-8.806942095250001	-8.851551563874999	-8.884273414375	-8.906277800749999	-8.918476792875	-8.921683954	-8.9167171645	-8.9043835725	-8.885322445625	-8.86001608975	-8.82918656425
12.0	-8.8069420965	-8.851551565249999	-8.88427341575	-8.906277802249999	-8.918476794375	-8.921683955625001	-8.91671716625	-8.90438357425	-8.8853224475	-8.86001609175	-8.829186566499999
14.0	-8.806942098750001	-8.8515515675	-8.884273418125	-8.90627780475	-8.918476797125	-8.921683958375	-8.916717169125	-8.904383577375	-8.885322450750001	-8.860016095125	-8.829186570125
16.0	-8.806942102125001	-8.851551571124999	-8.884273422	-8.906277808625	-8.91847680125	-8.92168396275	-8.91671717375	-8.904383582125	-8.885322455875	-8.8600161005	-8.82918657575
18.0	-8.80694210725	-8.851551576375	-8.8842734275	-8.9062778145	-8.91847680725	-8.921683969	-8.916717180375	-8.904383589125	-8.88532246325	-8.860016108375	-8.829186584
20.0	-8.806942114375001	-8.851551583874999	-8.88427343525	-8.906277822625	-8.918476815750001	-8.921683978	-8.91671718975	-8.904383599	-8.885322473625001	-8.860016119374999	-8.829186595625
22.0	-8.806942124	-8.851551594	-8.88427344575	-8.906277833625	-8.918476827375	-8.921683990125	-8.916717202500001	-8.9043836125	-8.88532248775	-8.86001613425	-8.829186611375
24.0	-8.806942136750001	-8.851551607249998	-8.884273459625	-8.906277848124999	-8.9184768425	-8.921684006000001	-8.916717219375	-8.904383630125	-8.885322506375001	-8.860016153875	-8.829186632125
26.0	-8.806942153125	-8.851551624374999	-8.8842734775	-8.906277866875	-8.918476862125	-8.921684026625	-8.916717240875	-8.904383652875	-8.885322530375001	-8.86001617925	-8.829186658874999
28.0	-8.806942173875001	-8.851551645999999	-8.884273500125001	-8.9062778905	-8.918476886875	-8.921684052625	-8.91671726825	-8.904383681625	-8.885322560625001	-8.860016211125	-8.829186692624999
30.0	-8.806942199625	-8.851551672874999	-8.884273528125	-8.906277919875	-8.918476917625	-8.921684084875	-8.916717302125	-8.90438371725	-8.885322598250001	-8.860016250874999	-8.829186734624999
32.0	-8.806942231125001	-8.851551705624999	-8.8842735625	-8.90627795575	-8.918476955375	-8.921684124375	-8.916717343625	-8.904383760875	-8.885322644250001	-8.860016299375	-8.829186785875
34.0	-8.806942269250001	-8.851551745375	-8.884273604	-8.906277999124999	-8.918477000875	-8.921684172	-8.91671739375	-8.90438381375	-8.885322699875001	-8.860016358125	-8.829186847999999
36.0	-8.806942314750001	-8.851551792999999	-8.884273653625	-8.906278051125	-8.918477055250001	-8.921684229125	-8.91671745375	-8.90438387675	-8.885322766375001	-8.860016428375	-8.829186922125
38.0	-8.80694236875	-8.851551849249999	-8.8842737125	-8.906278112625	-8.918477119750001	-8.921684296750001	-8.91671752475	-8.9043839515	-8.885322845125001	-8.8600165115	-8.829187009875
40.0	-8.806942432125	-8.851551915249999	-8.884273781500001	-8.906278184875	-8.918477195375	-8.921684376	-8.916717608125	-8.90438403925	-8.885322937500002	-8.860016608999999	-8.829187113
42.0	-8.806942505875	-8.851551992249998	-8.884273861875	-8.906278268874999	-8.9184772835	-8.921684468375	-8.916717705125	-8.904384141375001	-8.885323045125	-8.860016722625	-8.829187233125
44.0	-8.806942591125	-8.851552081249999	-8.884273954875	-8.90627836625	-8.918477385375	-8.921684575250001	-8.9167178175	-8.904384259625001	-8.885323169625002	-8.860016854125	-8.829187371875
46.0	-8.80694268925	-8.851552183499999	-8.88427406175	-8.906278477999999	-8.9184775025	-8.921684698125	-8.9167179465	-8.904384395375	-8.885323312750002	-8.860017005125	-8.8291875315
48.0	-8.80694280125	-8.851552300375	-8.88427418375	-8.90627860575	-8.91847763625	-8.921684838375	-8.916718094	-8.904384550625	-8.88532347625	-8.860017177749999	-8.829187713875
50.0	-8.806942928625	-8.85155243325	-8.8842743225	-8.906278750875	-8.918477788375	-8.921684997875001	-8.916718261625	-8.904384727	-8.885323662000001	-8.860017373875	-8.829187921125
52.0	-8.806943072625002	-8.851552583499998	-8.8842744795	-8.906278915125	-8.918477960375	-8.921685178375	-8.916718451125	-8.9043849265	-8.885323872250002	-8.860017595875	-8.829188155499999
54.0	-8.806943234875002	-8.851552752749999	-8.884274656375	-8.906279099999999	-8.918478154125001	-8.921685381500001	-8.91671866475	-8.904385151125	-8.885324108875	-8.860017845749999	-8.8291884195
56.0	-8.806943416875	-8.8515529425	-8.884274854625	-8.9062793075	-8.918478371500001	-8.921685609375	-8.916718904125	-8.904385403125	-8.885324374375001	-8.860018126	-8.829188715625
58.0	-8.806943620250001	-8.851553154625	-8.884275076125	-8.906279539249999	-8.91847861425	-8.921685864	-8.91671917175	-8.90438568475	-8.885324671125002	-8.86001843925	-8.829189046625
60.0	-8.806943846625002	-8.851553390749999	-8.884275322875	-8.906279797249999	-8.918478884625001	-8.921686147625001	-8.91671946975	-8.90438599825	-8.8853250015	-8.860018788	-8.829189415125
62.0	-8.806944098	-8.851553652875	-8.884275596625	-8.90628008375	-8.91847918475	-8.921686462375	-8.916719800500001	-8.90438634625	-8.885325368125	-8.860019175125	-8.829189824125
64.0	-8.806944376125001	-8.851553942999999	-8.884275899625	-8.90628040075	-8.918479516875001	-8.921686810625001	-8.916720166500001	-8.9043867315	-8.885325774	-8.860019603625	-8.82919027675
66.0	-8.806944683000001	-8.851554263125	-8.884276234125	-8.906280750625	-8.918479883375001	-8.921687195	-8.916720570375	-8.9043871565	-8.885326221875001	-8.8600200765	-8.829190776375
68.0	-8.806945020875	-8.8515546155	-8.884276602125	-8.906281135625	-8.918480286875	-8.921687618125	-8.916721015	-8.9043876245	-8.885326714875001	-8.860020597	-8.829191326375
70.0	-8.806945391875	-8.8515550025	-8.884277006375001	-8.9062815585	-8.918480729875	-8.921688082625	-8.91672150325	-8.90438813825	-8.885327256250001	-8.860021168625	-8.829191930375
72.0	-8.806945798375	-8.851555426374999	-8.88427744925	-8.90628202175	-8.918481215125	-8.921688591750002	-8.916722038125	-8.90438870125	-8.885327849375	-8.860021794875	-8.829192592125
74.0	-8.806946242875	-8.851555889875	-8.884277933375	-8.90628252825	-8.91848174575	-8.921689148250001	-8.916722623	-8.90438931675	-8.885328498000002	-8.860022479625	-8.829193315625
76.0	-8.80694672775	-8.851556395625	-8.884278461625	-8.906283080875	-8.91848232475	-8.921689755375	-8.916723261	-8.90438998825	-8.885329205500001	-8.86002322675	-8.829194105125
78.0	-8.806947256	-8.851556946499999	-8.884279036875	-8.906283682625	-8.918482955250001	-8.921690416625001	-8.916723956	-8.904390719625	-8.885329976125	-8.860024040374999	-8.829194965
80.0	-8.806947830125	-8.85155754525	-8.884279662375	-8.906284336875	-8.918483640625	-8.921691135500001	-8.916724711375	-8.904391514625	-8.885330813875001	-8.860024925	-8.82919589975
82.0	-8.806948453375	-8.851558195125	-8.884280341125	-8.906285046875	-8.918484384500001	-8.921691915625	-8.91672553125	-8.904392377375	-8.885331723	-8.860025884875	-8.829196914125
84.0	-8.80694912875	-8.851558899375	-8.8842810765	-8.90628581625	-8.918485190375	-8.921692760875	-8.9167264195	-8.90439331225	-8.885332708125	-8.860026925	-8.829198013125
86.0	-8.806949859375	-8.851559661249999	-8.88428187225	-8.9062866485	-8.918486062375	-8.921693675250001	-8.916727380375	-8.9043943235	-8.885333773625002	-8.860028050124999	-8.829199202125
88.0	-8.806950648875	-8.85156048425	-8.88428273175	-8.9062875475	-8.918487004125	-8.921694663	-8.91672841825	-8.90439541575	-8.885334924625	-8.860029265375	-8.829200486374999
90.0	-8.8069515005	-8.85156137225	-8.884283659000001	-8.906288517375	-8.91848802	-8.921695728500001	-8.916729537875	-8.904396594	-8.885336166	-8.860030576125	-8.829201871625
92.0	-8.806952418125	-8.851562328875	-8.884284658	-8.906289562125	-8.918489114375001	-8.921696876125	-8.91673074375	-8.904397863	-8.885337503250001	-8.860031987874999	-8.829203363625
94.0	-8.806953405375001	-8.851563358124999	-8.884285732625	-8.906290686124999	-8.91849029175	-8.92169811075	-8.916732041	-8.904399228125	-8.8853389415	-8.860033506499999	-8.829204968375
96.0	-8.806954466375	-8.851564464125	-8.8842868875	-8.90629189375	-8.918491556625	-8.921699437125001	-8.916733434625	-8.904400694625	-8.885340486625001	-8.860035137875	-8.829206692375
98.0	-8.806955605125001	-8.851565651125	-8.88428812675	-8.906293189625	-8.918492913875001	-8.921700860375001	-8.91673493	-8.904402268125	-8.885342144375	-8.860036888125	-8.829208541875
100.0	-8.806956826	-8.851566923499998	-8.884289455125	-8.906294578625	-8.918494368500001	-8.921702385625	-8.916736532375	-8.90440395425	-8.885343920750001	-8.860038763499999	-8.82921052375
102.0	-8.806958133250001	-8.851568285874999	-8.88429087725	-8.906296065625	-8.918495925750001	-8.921704018375001	-8.916738247625	-8.904405759	-8.885345822125	-8.860040770749999	-8.829212644875
104.0	-8.806959531375	-8.851569742874998	-8.884292398125	-8.90629765575	-8.91849759075	-8.921705764125	-8.916740081625	-8.904407688375	-8.885347854750002	-8.8600429165	-8.829214912374999
106.0	-8.80696102525	-8.851571299375	-8.88429402275	-8.906299354249999	-8.91849936925	-8.921707628625	-8.91674204	-8.904409748875	-8.88535002525	-8.860045207875	-8.829217333499999
108.0	-8.8069626195	-8.851572960499999	-8.884295756375	-8.906301166375	-8.918501266625	-8.921709617625	-8.91674412925	-8.90441194675	-8.885352340375	-8.86004765175	-8.829219915874999
110.0	-8.806964319125	-8.851574731125	-8.884297604125	-8.906303097875	-8.918503288625	-8.921711737375	-8.916746355625	-8.904414288625	-8.885354807250001	-8.860050255625	-8.829222667249999
112.0	-8.806966129125001	-8.851576616625	-8.884299571625	-8.906305154375	-8.9185054415	-8.921713993875	-8.9167487255	-8.9044167815	-8.885357432875	-8.860053026874999	-8.829225595375
114.0	-8.806968054750001	-8.8515786225	-8.8843016645	-8.9063073415	-8.918507731	-8.921716393625001	-8.9167512455	-8.904419432125	-8.885360224500001	-8.860055973375	-8.829228708625
116.0	-8.806970101500001	-8.851580754125	-8.884303888375001	-8.9063096655	-8.918510163375	-8.921718942875001	-8.9167539225	-8.904422247625	-8.88536318975	-8.860059102874999	-8.829232015125
118.0	-8.806972274500001	-8.851583017249999	-8.88430624925	-8.906312132375	-8.91851274525	-8.921721648625	-8.9167567635	-8.9044252355	-8.885366336250001	-8.860062423499999	-8.82923552325
120.0	-8.806974579625	-8.851585417499999	-8.884308753000001	-8.906314748375	-8.918515482750001	-8.921724517375	-8.916759775375	-8.904428402875	-8.885369671625002	-8.86006594325	-8.829239241875
122.0	-8.806977022375001	-8.851587961	-8.884311405750001	-8.906317519749999	-8.918518382875	-8.921727556	-8.916762965625	-8.9044317575	-8.885373204	-8.860069670749999	-8.82924317975
124.0	-8.806979608625001	-8.851590653499999	-8.88431421375	-8.906320453125	-8.918521452	-8.921730771750001	-8.916766341375	-8.904435307125	-8.885376941375	-8.860073614374999	-8.82924734575
126.0	-8.80698234425	-8.851593501249999	-8.884317183375	-8.906323555	-8.91852469725	-8.92173417175	-8.91676991025	-8.9044390595	-8.885380892125001	-8.860077782874999	-8.829251749125
128.0	-8.80698523525	-8.851596510499999	-8.884320321	-8.906326832125	-8.918528125625	-8.92173776325	-8.916773679875	-8.904443022625	-8.885385064500001	-8.860082185	-8.829256399
130.0	-8.80698828775	-8.851599687499998	-8.884323633375	-8.906330291249999	-8.918531744000001	-8.921741553625	-8.916777658	-8.904447204625	-8.885389467000001	-8.86008682975	-8.829261305
132.0	-8.806991508000001	-8.851603038624999	-8.884327126875	-8.906333939375	-8.918535559875	-8.921745550375	-8.9167818525	-8.90445161375	-8.885394108375001	-8.860091726	-8.829266476625
134.0	-8.806994902125	-8.8516065705	-8.8843308085	-8.9063377835	-8.91853958025	-8.92174976125	-8.91678627125	-8.904456258375	-8.885398997375	-8.860096883375	-8.8292719235
136.0	-8.806998476625001	-8.851610289624999	-8.884334685	-8.906341830875	-8.918543812875	-8.921754193875001	-8.916790922375	-8.904461147	-8.885404142875	-8.86010231075	-8.8292776555
138.0	-8.807002237875	-8.851614202875	-8.88433876325	-8.906346088374999	-8.918548265	-8.921758856125	-8.916795814125	-8.904466288125	-8.885409553750002	-8.860108017875	-8.8292836825
140.0	-8.807006192500001	-8.851618316749999	-8.884343050250001	-8.906350563624999	-8.918552944250001	-8.921763755875	-8.91680095475	-8.904471690375	-8.885415239125	-8.86011401425	-8.829290014625
142.0	-8.807010347125	-8.85162263825	-8.88434755325	-8.90635526375	-8.918557858375001	-8.921768901250001	-8.9168063525	-8.904477362625	-8.885421208375002	-8.8601203095	-8.829296662125
144.0	-8.807014708250001	-8.85162717425	-8.884352279375001	-8.906360196375	-8.918563015125	-8.921774300375	-8.916812016125	-8.90448331375	-8.885427470625	-8.8601269135	-8.829303635
146.0	-8.807019282875	-8.851631931624999	-8.884357235875001	-8.906365369	-8.918568422375	-8.921779961250001	-8.916817953875	-8.904489552625	-8.885434035375	-8.860133835874999	-8.829310943874999
148.0	-8.807024077500001	-8.851636917625	-8.884362429875	-8.90637078925	-8.918574088	-8.921785892125001	-8.916824174625	-8.90449608825	-8.885440911875001	-8.860141086625	-8.829318599
150.0	-8.807029099125002	-8.851642139125	-8.884367869	-8.906376464625	-8.918580019875	-8.921792101500001	-8.916830686875	-8.904502929875001	-8.885448109875	-8.860148675875	-8.829326610999999
152.0	-8.807034354750002	-8.8516476035	-8.8843735605	-8.906382403	-8.91858622625	-8.921798597750001	-8.9168374995	-8.9045100865	-8.885455639000002	-8.860156613625	-8.829334990375
154.0	-8.807039851125001	-8.85165331775	-8.884379511875	-8.906388611999999	-8.918592715	-8.921805389125002	-8.91684462125	-8.9045175675	-8.88546350875	-8.860164910124999	-8.829343747874999
156.0	-8.807045595375001	-8.851659289374998	-8.884385730750001	-8.90639509975	-8.9185994945	-8.921812484375	-8.916852061125	-8.904525382125	-8.885471729	-8.860173575374999	-8.829352894125
158.0	-8.807051594625001	-8.851665525375	-8.884392224625	-8.90640187375	-8.91860657275	-8.921819891875	-8.916859828	-8.90453353975	-8.8854803095	-8.860182619875	-8.829362439875
160.0	-8.807057855875001	-8.851672033375	-8.884399001125	-8.90640894225	-8.91861395825	-8.921827620375002	-8.916867931	-8.90454204975	-8.885489260125	-8.860192053875	-8.829372396125
162.0	-8.807064386125	-8.851678820499998	-8.884406067875	-8.906416313	-8.918621659000001	-8.9218356785	-8.916876378875001	-8.904550921625	-8.88549859075	-8.86020188775	-8.829382773625
164.0	-8.807071192625001	-8.851685894374999	-8.884413432625001	-8.906423994125	-8.918629683625001	-8.921844074875	-8.916885181	-8.904560164875	-8.8855083115	-8.860212131874999	-8.829393583249999
166.0	-8.807078282625001	-8.851693262374999	-8.88442110325	-8.906431993625	-8.918638040375	-8.92185281825	-8.916894346375	-8.904569789	-8.885518432000001	-8.860222796625	-8.829404836
168.0	-8.807085663250001	-8.851700931875	-8.88442908725	-8.906440319625	-8.918646737625	-8.921861917500001	-8.91690388425	-8.9045798035	-8.8855289625	-8.860233892624999	-8.82941654275
170.0	-8.807093341875001	-8.8517089105	-8.8844373925	-8.906448980124999	-8.918655783875	-8.921871381375	-8.916913803625	-8.904590218125	-8.885539913	-8.860245430374999	-8.8294287145
172.0	-8.807101325500001	-8.851717205624999	-8.884446026875	-8.90645798325	-8.9186651875	-8.921881218625	-8.916924113875	-8.9046010425	-8.885551293625001	-8.860257420249999	-8.829441362375
174.0	-8.8071096215	-8.851725824999999	-8.88445499825	-8.90646733725	-8.918674957	-8.92189143825	-8.916934824250001	-8.904612286125	-8.885563114250001	-8.860269872749999	-8.82945449725
176.0	-8.80711823725	-8.851734775999999	-8.88446431425	-8.90647705025	-8.918685101000001	-8.921902048875001	-8.916945943875	-8.904623958875	-8.885575385125001	-8.860282798624999	-8.829468130124999
178.0	-8.807127179875001	-8.85174406625	-8.884473982875	-8.906487130375	-8.918695627875	-8.921913059625	-8.916957482	-8.904636070125001	-8.88558811625	-8.860296208249999	-8.829482272
180.0	-8.807136456875	-8.851753703249999	-8.884484012125	-8.906497585875	-8.91870654625	-8.92192447925	-8.916969448125	-8.90464862975	-8.885601317875	-8.86031011225	-8.829496933875
182.0	-8.807146075375	-8.85176369475	-8.884494409625	-8.906508425	-8.91871786475	-8.921936316625	-8.91698185125	-8.904661647375	-8.885614999875001	-8.860324520999999	-8.82951212675
184.0	-8.80715604275	-8.851774048249998	-8.8845051835	-8.90651965575	-8.918729591625	-8.921948580875	-8.916994700875	-8.90467513275	-8.885629172500002	-8.86033944525	-8.829527861625
186.0	-8.807166366375	-8.851784771375	-8.884516341500001	-8.9065312865	-8.918741735625	-8.921961280625	-8.917008006125	-8.9046890955	-8.885643845875	-8.860354895375	-8.829544149375
188.0	-8.807177053625	-8.851795871624999	-8.884527891500001	-8.9065433255	-8.918754305375	-8.921974425	-8.917021776375	-8.90470354525	-8.885659029875	-8.860370881875	-8.829561000875
190.0	-8.807188111625	-8.851807356624999	-8.8845398415	-8.906555780875	-8.91876730925	-8.92198802275	-8.917036020875	-8.90471849175	-8.885674734750001	-8.860387415249999	-8.82957842725
192.0	-8.807199547875001	-8.851819234125	-8.884552199375001	-8.906568660875	-8.918780755875	-8.922002082750002	-8.917050748875	-8.9047339445	-8.8856909705	-8.860404505875	-8.829596439
194.0	-8.807211369625001	-8.851831511624999	-8.884564972875001	-8.906581973625	-8.91879465375	-8.922016614	-8.9170659695	-8.90474991325	-8.885707747000001	-8.86042216425	-8.829615047125
196.0	-8.807223584125001	-8.851844196624999	-8.884578170000001	-8.906595727375	-8.918809011375	-8.922031625375	-8.917081692250001	-8.904766407625	-8.885725074375001	-8.860440400749999	-8.829634262499999
198.0	-8.807236198625	-8.85185729675	-8.88459179875	-8.906609930375	-8.918823837375001	-8.922047125625001	-8.917097926125	-8.904783437125	-8.885742962625	-8.8604592255	-8.829654095625
200.0	-8.807249220500001	-8.851870819624999	-8.884605866625	-8.906624590625	-8.918839140125	-8.922063123625001	-8.917114680375	-8.904801011250001	-8.885761421500002	-8.860478649	-8.82967455725
202.0	-8.807262657125001	-8.851884772624999	-8.88462038175	-8.906639716375	-8.918854928125	-8.922079628250001	-8.917131964125	-8.9048191395	-8.885780460875	-8.8604986815	-8.829695658
204.0	-8.8072765155	-8.851899163499999	-8.884635351875	-8.90665531575	-8.918871209875	-8.922096648125	-8.9171497865	-8.904837831625	-8.885800090750001	-8.860519333125	-8.829717408375
206.0	-8.807290803125001	-8.851913999625	-8.884650784875001	-8.906671396875	-8.918887993625	-8.922114192250001	-8.91716815675	-8.90485709675	-8.885820320875	-8.860540613875	-8.829739818875
208.0	-8.807305527	-8.8519292885	-8.884666688375	-8.906687967875	-8.918905288125	-8.922132269	-8.917187083750001	-8.904876944375	-8.885841160875001	-8.860562534125	-8.8297629
210.0	-8.807320694500001	-8.85194503775	-8.88468307025	-8.906705036625	-8.918923101375	-8.9221508875	-8.9172065765	-8.904897383875	-8.885862620500001	-8.86058510375	-8.829786662125
212.0	-8.807336312750001	-8.851961254625	-8.884699938125001	-8.906722611374999	-8.918941442	-8.922170056	-8.917226644125	-8.904918424625	-8.885884709375	-8.860608332624999	-8.829811115375
214.0	-8.807352388875001	-8.851977946624999	-8.884717299875	-8.906740700124999	-8.918960318125	-8.9221897835	-8.917247295500001	-8.90494007575	-8.885907437250001	-8.860632230875	-8.82983627
216.0	-8.80736893	-8.851995121249999	-8.884735163125	-8.90675931075	-8.918979738125	-8.92221007825	-8.917268539625	-8.904962346625	-8.885930813375001	-8.860656808124999	-8.82986213625
218.0	-8.80738594325	-8.852012785749999	-8.884753535625	-8.906778451125	-8.91899971025	-8.922230949000001	-8.917290385125	-8.904985246375	-8.885954847375	-8.860682074249999	-8.829888724125
220.0	-8.80740343575	-8.8520309475	-8.88477242475	-8.906798129375	-8.919020242750001	-8.92225240425	-8.917312841000001	-8.905008783875001	-8.885979548625	-8.860708038875	-8.829916043375
222.0	-8.8074214145	-8.852049613875	-8.88479183825	-8.90681835325	-8.919041343625	-8.922274452375001	-8.917335916	-8.9050329685	-8.8860049265	-8.8607347115	-8.82994410425
224.0	-8.807439886625001	-8.852068792125	-8.884811783750001	-8.906839130625	-8.919063021125	-8.92229710175	-8.917359618625	-8.905057809	-8.886030990125	-8.860762101999999	-8.82997291625
226.0	-8.807458859125001	-8.852088489624999	-8.884832268750001	-8.906860469249999	-8.91908528325	-8.922320360875	-8.917383957750001	-8.905083314375	-8.886057748875	-8.8607902195	-8.830002489249999
228.0	-8.80747833875	-8.8521087135	-8.884853300625	-8.906882377	-8.919108138125	-8.922344238	-8.917408941875001	-8.9051094935	-8.88608521175	-8.8608190735	-8.83003283275
230.0	-8.80749833275	-8.852129470875	-8.884874886875	-8.906904861374999	-8.919131593625	-8.922368741375001	-8.9174345795	-8.905136355	-8.886113387750001	-8.860848673249999	-8.83006395625
232.0	-8.80751884775	-8.852150769	-8.884897035	-8.906927930375	-8.919155657875	-8.922393879125	-8.917460879125	-8.905163907875	-8.886142286	-8.860879028125	-8.830095869375
234.0	-8.807539890875	-8.852172614999999	-8.884919752250001	-8.90695159125	-8.919180338625	-8.922419659625001	-8.917487849	-8.905192160625	-8.886171915250001	-8.860910147	-8.830128581124999
236.0	-8.80756146875	-8.852195015875	-8.884943046125	-8.906975851875	-8.919205643625	-8.922446090625	-8.917515497750001	-8.905221121875	-8.886202284375	-8.860942038874999	-8.830162100999999
238.0	-8.80758358825	-8.852217978625	-8.88496692375	-8.90700071975	-8.919231580875	-8.9224731805	-8.917543833375	-8.9052508	-8.886233402	-8.860974713	-8.830196438
240.0	-8.807606256125	-8.852241510499999	-8.884991392375001	-8.90702620225	-8.919258157875001	-8.922500937	-8.917572864250001	-8.9052812035	-8.886265276875001	-8.861008177875	-8.83023160125
242.0	-8.807629479000001	-8.852265618125	-8.88501645925	-8.90705230675	-8.9192853825	-8.922529368000001	-8.917602598375	-8.905312340875	-8.886297917625	-8.861042442499999	-8.830267599499999
244.0	-8.807653263875	-8.85229030875	-8.8850421315	-8.907079040874999	-8.91931326225	-8.922558481500001	-8.917633044	-8.905344220125	-8.886331332625002	-8.861077515249999	-8.830304441625
246.0	-8.807677617000001	-8.852315588875	-8.88506841625	-8.90710641175	-8.919341804625	-8.92258828525	-8.917664208875001	-8.90537684975	-8.886365530125001	-8.861113405	-8.830342136375
248.0	-8.80770254525	-8.852341465624999	-8.8850953205	-8.90713442675	-8.919371017375001	-8.922618786875	-8.917696101125001	-8.905410237625	-8.886400518750001	-8.86115012	-8.830380692375
250.0	-8.807728055	-8.852367945749998	-8.885122851250001	-8.907163093	-8.919400907625	-8.922649994125	-8.9177287285	-8.90544439175	-8.886436306375002	-8.861187668625	-8.830420118125
252.0	-8.807754152875	-8.85239503575	-8.885151015625	-8.907192417874999	-8.919431483	-8.9226819145	-8.917762098875	-8.905479320375001	-8.88647290125	-8.861226059249999	-8.830460421875
254.0	-8.80778084525	-8.8524227425	-8.88517982025	-8.907222408125	-8.919462750625	-8.9227145555	-8.91779621975	-8.905515031125	-8.8865103115	-8.8612653	-8.830501611999999
256.0	-8.807808138625001	-8.852451072625	-8.885209272125	-8.907253071125	-8.919494717875	-8.922747924625	-8.917831098875	-8.90555153175	-8.886548544875001	-8.86130539875	-8.83054369675
258.0	-8.807836039500001	-8.85248003275	-8.885239378	-8.90728441375	-8.919527391875	-8.922782029125	-8.917866743875	-8.905588830125	-8.886587609375	-8.86134636375	-8.830586684
260.0	-8.807864553875001	-8.85250962925	-8.885270144625	-8.907316443	-8.919560779625	-8.9228168765	-8.917903162	-8.90562693375	-8.886627512625001	-8.861388202625	-8.83063058175
262.0	-8.807893688375001	-8.852539868749998	-8.885301578750001	-8.9073491655	-8.9195948885	-8.92285247375	-8.91794036075	-8.905665850125	-8.886668262375	-8.86143092325	-8.830675397875
264.0	-8.807923449125001	-8.852570757625	-8.885333686875	-8.907382588375	-8.919629725125	-8.92288882825	-8.917978347375	-8.905705586875	-8.886709866	-8.861474533125	-8.830721140125
266.0	-8.807953842125	-8.852602302249998	-8.885366475625	-8.90741671825	-8.919665296625	-8.922925946875	-8.918017129125	-8.905746151	-8.886752331125	-8.86151904	-8.830767816
268.0	-8.807984873875	-8.852634509	-8.8853999515	-8.907451561624999	-8.919701609875	-8.92296383675	-8.91805671325	-8.905787550125	-8.886795665125002	-8.861564451249999	-8.830815433125
270.0	-8.808016550125	-8.852667384124999	-8.885434121000001	-8.907487125374999	-8.919738671500001	-8.923002504625	-8.9180971065	-8.905829791125	-8.886839875125	-8.861610774125	-8.830863998875
272.0	-8.808048877125001	-8.852700933749999	-8.885468990375001	-8.907523416	-8.919776488250001	-8.923041957625001	-8.918138316125	-8.90587288125	-8.886884968375	-8.861658016	-8.8309135205
274.0	-8.808081860875001	-8.85273516425	-8.885504566125	-8.907560439874999	-8.919815066875	-8.92308220225	-8.918180349	-8.9059168275	-8.886930952	-8.86170618375	-8.830964005
276.0	-8.808115507250001	-8.852770081625	-8.885540854375	-8.9075982035	-8.91985441375	-8.92312324525	-8.91822321175	-8.905961636625	-8.88697783275	-8.86175528475	-8.831015459625
278.0	-8.808149822125001	-8.852805691875	-8.8855778615	-8.90763671325	-8.919894535500001	-8.923165093375001	-8.91826691125	-8.906007315625	-8.88702561775	-8.861805325625	-8.83106789125
280.0	-8.808184811375	-8.852842000999999	-8.8856155935	-8.907675975375	-8.9199354385	-8.923207753125	-8.918311454125	-8.906053871	-8.88707431375	-8.86185631325	-8.83112130675
282.0	-8.80822048075	-8.852879015125	-8.8856540565	-8.907715996124999	-8.91997712925	-8.923251230875001	-8.918356846750001	-8.906101309625	-8.88712392725	-8.861908254374999	-8.83117571275
284.0	-8.808256836	-8.852916739874999	-8.885693256625	-8.907756781625	-8.92001961375	-8.923295533000001	-8.91840309575	-8.90614963775	-8.887174465000001	-8.861961155625	-8.831231115875
286.0	-8.808293882875	-8.85295518125	-8.885733199625001	-8.907798338	-8.920062898375	-8.923340665875001	-8.918450207625	-8.906198862	-8.88722593325	-8.8620150235	-8.831287522624999
288.0	-8.808331626875	-8.852994344999999	-8.885773891625	-8.907840671375	-8.92010698925	-8.923386635625	-8.918498188375	-8.90624898875	-8.88727833875	-8.862069864375	-8.831344939375
290.0	-8.80837007375	-8.853034236749998	-8.8858153385	-8.9078837875	-8.920151892375001	-8.9234334485	-8.918547044375	-8.906300024125	-8.887331687500001	-8.862125684499999	-8.831403372375
292.0	-8.808409228875	-8.853074862249999	-8.88585754575	-8.90792769225	-8.92019761375	-8.923481110500001	-8.91859678175	-8.906351974375	-8.88738598575	-8.862182489999999	-8.831462827874999
294.0	-8.808449097625001	-8.853116227125	-8.88590051925	-8.90797239175	-8.92024415925	-8.923529627625001	-8.9186474065	-8.906404845500001	-8.887441239625002	-8.862240287125	-8.831523311749999
296.0	-8.80848968575	-8.853158336749999	-8.885944264625	-8.908017891375	-8.92029153475	-8.923579005750002	-8.918698924500001	-8.9064586435	-8.887497455	-8.862299081749999	-8.831584830125
298.0	-8.808530998250001	-8.853201196625	-8.8859887875	-8.908064197	-8.920339746	-8.92362925075	-8.918751341875	-8.906513374375	-8.887554638000001	-8.86235887975	-8.83164738875
300.0	-8.808573040625001	-8.853244812375	-8.886034093375	-8.90811131425	-8.92038879875	-8.92368036825	-8.918804664125	-8.906569043875	-8.887612794250002	-8.862419687	-8.831710993375
302.0	-8.808615818125	-8.853289189124999	-8.88608018775	-8.908159248625	-8.9204386985	-8.923732364125001	-8.918858897	-8.906625657625	-8.887671929500002	-8.862481509	-8.831775649499999
304.0	-8.80865933575	-8.853334332249998	-8.886127075875	-8.908208005499999	-8.920489450875001	-8.92378524375	-8.91891404625	-8.906683221375	-8.887732049250001	-8.862544351499999	-8.83184136275
306.0	-8.808703598875	-8.853380246999999	-8.886174763125	-8.908257590375	-8.92054106125	-8.923839012625	-8.918970117375	-8.9067417405	-8.88779315925	-8.86260821975	-8.831908138625
308.0	-8.8087486125	-8.853426938624999	-8.886223254875	-8.908308008625	-8.920593535	-8.923893676250001	-8.919027115625001	-8.9068012205	-8.887855264625001	-8.862673119375	-8.83197598225
310.0	-8.8087943815	-8.853474411999999	-8.886272556125	-8.908359265375	-8.920646877500001	-8.92394924	-8.919085046625	-8.906861666875	-8.887918371000001	-8.862739055375	-8.832044898874999
312.0	-8.808840911	-8.853522672375	-8.886322672125	-8.908411365874999	-8.920701094	-8.924005709125	-8.919143915375	-8.906923084625	-8.887982483250001	-8.862806033124999	-8.8321148935
314.0	-8.808888205875	-8.85357172475	-8.886373608	-8.908464315375	-8.9207561895	-8.924063088750001	-8.91920372725	-8.906985479125	-8.888047606875	-8.862874057625	-8.832185971374999
316.0	-8.808936271	-8.853621574	-8.886425368625	-8.908518118749999	-8.920812169375	-8.924121384000001	-8.91926448725	-8.90704885525	-8.888113746625	-8.862943133875	-8.832258137125
318.0	-8.808985111125	-8.853672224999999	-8.886477959	-8.908572781	-8.920869038375	-8.924180600000001	-8.9193262005	-8.90711321825	-8.888180907625001	-8.863013266749999	-8.832331395625
320.0	-8.809034730875	-8.8537236825	-8.886531384	-8.908628306999999	-8.9209268015	-8.9242407415	-8.919388871875	-8.907178572875	-8.888249094625001	-8.863084460875	-8.832405751625
322.0	-8.809085135250001	-8.853775951374999	-8.886585648375	-8.90868470175	-8.92098546375	-8.924301813500001	-8.919452506125001	-8.907244923875	-8.888318312500001	-8.86315672125	-8.832481209625
324.0	-8.809136328500001	-8.85382903625	-8.886640756875	-8.90874197	-8.921045029750001	-8.924363820750001	-8.91951710825	-8.907312276125	-8.88838856575	-8.863230052125	-8.832557774125
326.0	-8.8091883155	-8.85388294175	-8.886696714125	-8.908800116375	-8.92110550425	-8.924426768	-8.91958268275	-8.90738063425	-8.888459859125001	-8.86330445825	-8.8326354495
328.0	-8.809241100625	-8.853937672499999	-8.886753524875001	-8.9088591455	-8.921166892	-8.924490659875001	-8.91964923425	-8.90745000275	-8.888532197000002	-8.863379944	-8.832714240125
330.0	-8.80929468825	-8.853993232874998	-8.886811193625	-8.908919061875	-8.921229197375	-8.924555500875	-8.919716767375	-8.907520386125	-8.888605583875	-8.8634565135	-8.832794150249999
332.0	-8.809349083	-8.854049627375	-8.88686972475	-8.90897987025	-8.921292425125001	-8.924621295625	-8.9197852865	-8.90759178875	-8.888680024000001	-8.863534171125	-8.83287518375
334.0	-8.809404289000001	-8.8541068605	-8.886929122875001	-8.909041574749999	-8.921356579500001	-8.924688048375	-8.919854796125	-8.907664215	-8.888755521625	-8.863612921	-8.83295734475
336.0	-8.809460310625001	-8.854164936499998	-8.886989392125	-8.90910418	-8.921421664875	-8.9247557635	-8.91992530025	-8.907737669	-8.888832080875002	-8.863692767124999	-8.833040637249999
338.0	-8.809517152125	-8.8542238595	-8.887050536875	-8.909167690124999	-8.9214876855	-8.924824445250001	-8.919996803375	-8.907812155	-8.888909705875001	-8.863773713499999	-8.833125064999999
340.0	-8.809574817625	-8.854283634	-8.887112561375	-8.9092321095	-8.92155464575	-8.924894097875	-8.9200693095	-8.907887677	-8.8889884005	-8.863855764	-8.83321063175
342.0	-8.809633311375	-8.854344263875	-8.88717546975	-8.909297442125	-8.921622549750001	-8.924964725375	-8.920142822625	-8.907964239	-8.889068168625	-8.86393892225	-8.833297341125
344.0	-8.80969263725	-8.854405753375	-8.88723926625	-8.909363692125	-8.921691401375	-8.925036331875	-8.92021734675	-8.908041844875001	-8.88914901425	-8.864023192125	-8.833385196625
346.0	-8.80975279925	-8.854468106499999	-8.887303954625	-8.909430863625	-8.92176120475	-8.92510892125	-8.920292885875	-8.908120498375	-8.889230940875	-8.864108577	-8.833474201875
348.0	-8.8098138015	-8.85453132725	-8.887369539125	-8.909498960499999	-8.92183196375	-8.9251824975	-8.920369443875	-8.908200203375	-8.889313952250001	-8.864195080624999	-8.833564360125
350.0	-8.809875647875002	-8.854595419374998	-8.887436023375	-8.90956798675	-8.921903682375	-8.925257064375	-8.92044702425	-8.9082809635	-8.889398051875	-8.864282706374999	-8.83365567475
352.0	-8.809938342	-8.854660386874999	-8.887503411500001	-8.909637946	-8.92197636425	-8.925332625625	-8.920525630875	-8.908362782375	-8.889483243250002	-8.864371457625	-8.833748148875
354.0	-8.810001887875	-8.8547262335	-8.88757170725	-8.90970884225	-8.92205001325	-8.925409185000001	-8.920605267125	-8.908445663375	-8.889569529875	-8.8644613375	-8.83384178575
356.0	-8.81006628925	-8.854792963	-8.887640914125	-8.909780679125	-8.922124632875	-8.925486745875	-8.920685936875	-8.90852961	-8.889656914875001	-8.864552349375	-8.83393658825
358.0	-8.810131549625002	-8.854860579124999	-8.887711036	-8.909853460125	-8.922200227000001	-8.925565312	-8.92076764325	-8.908614625625	-8.889745401625001	-8.86464449625	-8.8340325595
360.0	-8.81019767275	-8.85492908525	-8.8877820765	-8.909927189	-8.92227679875	-8.92564488675	-8.920850389875	-8.9087007135	-8.88983499325	-8.864737781125	-8.83412970225
362.0	-8.810264662125	-8.854998485249999	-8.887854039	-8.910001869124999	-8.922354351875	-8.9257254735	-8.920934179875001	-8.908787876875	-8.889925693	-8.864832207125	-8.8342280195
364.0	-8.81033252125	-8.855068782375	-8.887926927125001	-8.910077504124999	-8.92243288975	-8.925807075625	-8.9210190165	-8.908876118875	-8.890017503625002	-8.864927777	-8.834327513625
366.0	-8.810401253625	-8.85513998025	-8.88800074425	-8.910154097125	-8.922512415625	-8.925889696375	-8.921104903125	-8.9089654425	-8.890110428125	-8.8650244935	-8.834428187624999
368.0	-8.81047086275	-8.855212082125	-8.88807549375	-8.91023165175	-8.92259293275	-8.925973338875	-8.921191842625	-8.90905585075	-8.8902044695	-8.865122359499999	-8.834530043875
370.0	-8.81054135175	-8.855285091499999	-8.888151179000001	-8.910310170999999	-8.922674444375	-8.926058006375001	-8.921279838125	-8.90914734675	-8.890299630500001	-8.8652213775	-8.834633085
372.0	-8.810612724125	-8.855359011625	-8.888227803	-8.910389658249999	-8.922756953625	-8.926143701875	-8.9213688925	-8.909239933	-8.890395913750002	-8.865321550125	-8.834737313249999
374.0	-8.810684983125	-8.855433845624999	-8.88830536925	-8.910470116499999	-8.922840463625	-8.926230428250001	-8.921459008875	-8.909333612625	-8.890493322000001	-8.865422879999999	-8.834842731125
376.0	-8.810758131750001	-8.855509596625	-8.88838388075	-8.910551549	-8.92292497725	-8.926318188625	-8.92155018975	-8.909428388	-8.890591857750001	-8.865525369375	-8.834949340875
378.0	-8.810832173375001	-8.855586267875	-8.8884633405	-8.910633958625	-8.923010497625	-8.92640698575	-8.921642438125	-8.909524262125	-8.890691523625001	-8.86562902075	-8.8350571445
380.0	-8.810907110875	-8.855663862499998	-8.888543751750001	-8.9107173485	-8.9230970275	-8.926496822375	-8.921735756625	-8.90962123725	-8.890792321875	-8.865733836375	-8.8351661445
382.0	-8.810982947500001	-8.855742383374999	-8.888625117125	-8.910801721375	-8.923184569750001	-8.926587701375	-8.921830147875001	-8.909719316125	-8.890894255125001	-8.865839818375	-8.8352763425
384.0	-8.811059686125	-8.855821833375	-8.888707439875	-8.91088708	-8.92327312725	-8.926679625250001	-8.921925614375	-8.909818501125	-8.8909973255	-8.865946969125	-8.835387740875
386.0	-8.811137329625002	-8.855902215625	-8.888790722625	-8.9109734275	-8.9233627025	-8.926772596875	-8.922022158875	-8.9099187945	-8.891101535375	-8.8660552905	-8.835500341374999
388.0	-8.811215881	-8.855983532875	-8.88887496825	-8.91106076625	-8.923453298250001	-8.9268666185	-8.9221197835	-8.91002019875	-8.891206886875	-8.866164784625	-8.83561414575
390.0	-8.811295343125002	-8.856065787999999	-8.8889601795	-8.911149099125	-8.923544917125	-8.926961692875	-8.922218490875	-8.910122716	-8.891313382000002	-8.8662754535	-8.835729156125
392.0	-8.811375718625001	-8.856148983499999	-8.889046359	-8.91123842875	-8.923637561625	-8.927057822375001	-8.922318283125	-8.910226348625	-8.891421023000001	-8.866387299	-8.835845373875
394.0	-8.811457010500002	-8.856233122374999	-8.8891335095	-8.911328757625	-8.92373123425	-8.92715500925	-8.92241916275	-8.9103310985	-8.891529811625	-8.866500322875	-8.83596280075
396.0	-8.811539221125	-8.856318207	-8.889221633625	-8.911420088375	-8.923825937375	-8.927253255875002	-8.922521131625	-8.910436967875	-8.891639750125002	-8.866614526874999	-8.836081438499999
398.0	-8.811622353375	-8.856404240124998	-8.889310733625	-8.91151242325	-8.923921673375	-8.927352564500001	-8.92262419225	-8.91054395875	-8.89175084	-8.866729912875	-8.836201288625
400.0	-8.811706409625002	-8.856491224374999	-8.88940081225	-8.91160576475	-8.924018444625	-8.9274529375	-8.9227283465	-8.910652073	-8.891863083375	-8.866846482375	-8.836322352375
402.0	-8.811791392750001	-8.856579162	-8.889491871875	-8.91170011525	-8.92411625325	-8.92755437675	-8.922833596375	-8.9107613125	-8.891976481750001	-8.866964237125	-8.8364446315
404.0	-8.811877304875	-8.856668055624999	-8.88958391475	-8.911795477	-8.924215101625	-8.927656884500001	-8.922939943875	-8.91087167925	-8.892091036875001	-8.867083178375	-8.836568127125
406.0	-8.81196414875	-8.856757907625	-8.889676943375001	-8.91189185225	-8.92431499175	-8.927760462750001	-8.923047391	-8.910983174875	-8.892206750500002	-8.867203307875	-8.836692840625
408.0	-8.812051926750001	-8.856848720375	-8.889770959875001	-8.91198924325	-8.92441592575	-8.927865113500001	-8.923155939625	-8.911095801	-8.892323624125002	-8.867324626875	-8.83681877325
410.0	-8.812140641000001	-8.856940496124999	-8.889865966625	-8.912087652124999	-8.924517905625	-8.927970838750001	-8.923265591375	-8.911209559625	-8.89244165925	-8.867447136874999	-8.836945926124999
412.0	-8.812230294	-8.857033237	-8.889961965625	-8.912187080875	-8.9246209335	-8.928077640125	-8.923376348125	-8.911324452	-8.892560857375	-8.867570838999999	-8.8370743005
414.0	-8.812320888	-8.857126945374999	-8.890058959125	-8.912287531625	-8.92472501125	-8.92818551975	-8.9234882115	-8.91144048	-8.892681219875001	-8.8676957345	-8.837203897375
416.0	-8.81241242525	-8.857221623374999	-8.890156949125	-8.912389006249999	-8.924830140625	-8.928294479125	-8.92360118325	-8.911557644875	-8.892802748125002	-8.86782182475	-8.83733471775
418.0	-8.812504907875	-8.857317273124998	-8.89025593775	-8.912491506875	-8.92493632375	-8.92840452025	-8.923715264875	-8.911675948125	-8.892925443375	-8.867949110749999	-8.837466762625
420.0	-8.812598338	-8.857413896625	-8.890355927	-8.91259503525	-8.925043562125001	-8.928515644500001	-8.923830458	-8.91179539125	-8.893049306875001	-8.868077593625	-8.837600032875
422.0	-8.812692717625001	-8.857511495999999	-8.890456918625	-8.91269959325	-8.9251518575	-8.928627853750001	-8.923946764	-8.911915975625	-8.893174339875001	-8.868207274375	-8.837734529375
424.0	-8.812788049125	-8.857610073124999	-8.89055891475	-8.912805182749999	-8.925261211875	-8.928741149375	-8.924064184375	-8.912037702375	-8.8933005435	-8.868338154	-8.837870253
426.0	-8.812884334125	-8.857709629875	-8.890661917000001	-8.912911805375	-8.9253716265	-8.928855533	-8.924182720500001	-8.912160572875	-8.893427918875	-8.8684702335	-8.8380072045
428.0	-8.812981574750001	-8.85781016825	-8.890765927375	-8.913019462874999	-8.92548310325	-8.928971006125	-8.924302373875001	-8.91228458825	-8.893556467000002	-8.86860351375	-8.8381453845
430.0	-8.813079773	-8.857911690124999	-8.890870947625	-8.913128156875	-8.925595643500001	-8.929087570125	-8.9244231455	-8.912409749625	-8.893686188875002	-8.8687379955	-8.83828479375
432.0	-8.813178930625	-8.858014197249998	-8.89097697925	-8.913237889125	-8.925709248875	-8.929205226375	-8.92454503675	-8.91253605825	-8.893817085375002	-8.8688736795	-8.838425432874999
434.0	-8.8132790495	-8.858117691375	-8.891084024125	-8.913348661	-8.92582392075	-8.929323976125001	-8.924668048875	-8.912663515125	-8.893949157625	-8.869010566624999	-8.838567302374999
436.0	-8.813380131375	-8.858222174124998	-8.891192083750001	-8.913460474125	-8.925939660500001	-8.929443820875	-8.924792183125	-8.91279212125	-8.894082406375	-8.869148657624999	-8.838710402875
438.0	-8.813482178125001	-8.858327647374999	-8.89130115975	-8.91357333	-8.926056469625001	-8.929564761625	-8.924917440375001	-8.9129218775	-8.894216832375001	-8.869287952875	-8.838854734749999
440.0	-8.81358519125	-8.858434112625	-8.89141125375	-8.913687229999999	-8.926174349375	-8.92968679975	-8.92504382175	-8.913052785	-8.894352436375002	-8.869428453249999	-8.839000298624999
442.0	-8.813689172750001	-8.858541571375	-8.891522367125	-8.913802175625	-8.926293301000001	-8.929809936375001	-8.925171328375	-8.913184844375	-8.894489219250001	-8.86957015925	-8.839147094625
444.0	-8.813794124000001	-8.858650025374999	-8.891634501375	-8.913918168124999	-8.92641332575	-8.929934172500001	-8.925299961125	-8.913318056625	-8.894627181625001	-8.869713071375	-8.83929512325
446.0	-8.813900046625001	-8.858759476	-8.891747657875001	-8.91403520875	-8.926534424875001	-8.93005950925	-8.925429721	-8.913452422375	-8.894766324	-8.86985719	-8.839444384875
448.0	-8.814006942125001	-8.858869924875	-8.891861838	-8.914153298875	-8.926656599375	-8.930185947750001	-8.92556060875	-8.913587942625	-8.894906647125001	-8.870002515625	-8.839594879625
450.0	-8.81411481225	-8.85898137325	-8.89197704325	-8.91427243975	-8.926779850625	-8.930313488875	-8.9256926255	-8.913724617875	-8.895048151375	-8.87014904875	-8.839746607875
452.0	-8.814223658375	-8.859093822499998	-8.89209327475	-8.9143926325	-8.926904179375	-8.930442133625	-8.92582577175	-8.913862448875	-8.895190837500001	-8.870296789625	-8.839899569625
454.0	-8.814333481750001	-8.859207274249998	-8.892210533750001	-8.91451387825	-8.927029586875001	-8.930571882875	-8.9259600485	-8.91400143625	-8.895334705875001	-8.870445738625	-8.84005376525
456.0	-8.814444284125	-8.8593217295	-8.8923288215	-8.91463617825	-8.927156074125	-8.9307027375	-8.926095456375	-8.9141415805	-8.895479756875002	-8.870595895874999	-8.840209194625
458.0	-8.814556066500002	-8.859437189625	-8.89244813925	-8.914759533375	-8.927283641875	-8.930834698375001	-8.926231996125	-8.914282882375	-8.895625990875	-8.870747261875	-8.840365858
460.0	-8.8146688305	-8.859553656	-8.892568488	-8.914883944749999	-8.92741229125	-8.930967766125	-8.92636966825	-8.914425342125	-8.895773408375002	-8.8708998365	-8.840523755375
462.0	-8.81478257725	-8.85967112975	-8.892689869	-8.915009413375	-8.927542023	-8.931101941625	-8.9265084735	-8.91456896025	-8.895922009500001	-8.871053620125	-8.840682886625
464.0	-8.814897308125001	-8.859789611999998	-8.892812283375001	-8.91513594025	-8.927672838000001	-8.9312372255	-8.926648412375	-8.914713737375001	-8.89607179475	-8.871208612875	-8.840843251875
466.0	-8.815013024250002	-8.859909103875	-8.892935731875001	-8.915263526124999	-8.927804737125001	-8.9313736185	-8.9267894855	-8.91485967375	-8.89622276425	-8.871364814749999	-8.841004851
468.0	-8.815129726875	-8.8600296065	-8.893060215625	-8.915392172125	-8.927937721125	-8.931511121375001	-8.926931693375	-8.91500676975	-8.896374918125002	-8.871522225875	-8.841167683875
470.0	-8.815247417250001	-8.860151121	-8.89318573575	-8.915521878875	-8.9280717905	-8.931649734375	-8.927075036375001	-8.91515502575	-8.89652825675	-8.871680846124999	-8.84133175025
472.0	-8.815366096250001	-8.860273648375	-8.893312293000001	-8.915652647375	-8.92820694625	-8.9317894585	-8.927219514875	-8.915304442	-8.89668278	-8.871840675625	-8.841497050125
474.0	-8.815485765125	-8.860397189499999	-8.89343988825	-8.91578447825	-8.928343188875001	-8.931930293875	-8.9273651295	-8.91545501875	-8.896838488250001	-8.872001714375	-8.84166358325
476.0	-8.815606425	-8.8605217455	-8.8935685225	-8.915917372375	-8.928480519	-8.932072241250001	-8.927511880375	-8.915606756125	-8.896995381375001	-8.872163962124999	-8.841831349375
478.0	-8.81572807675	-8.860647317249999	-8.893698196375	-8.91605133025	-8.928618937125	-8.932215301125	-8.927659767875001	-8.9157596545	-8.897153459625	-8.872327418874999	-8.842000348125
480.0	-8.815850721375	-8.860773905499999	-8.893828910875001	-8.916186352875	-8.928758444125	-8.932359473625	-8.9278087925	-8.915913713875	-8.897312722750002	-8.8724920845	-8.842170579374999
482.0	-8.815974359875002	-8.860901511375	-8.893960666625	-8.916322440624999	-8.928899040125	-8.9325047595	-8.92795895425	-8.9160689345	-8.897473170875001	-8.872657958749999	-8.842342042624999
484.0	-8.816098993250002	-8.861030135499998	-8.894093464375	-8.916459594125	-8.929040726	-8.932651158875	-8.928110253375	-8.91622531625	-8.897634803875	-8.872825041375	-8.842514737625
486.0	-8.816224622375001	-8.861159778749998	-8.894227304875	-8.916597814125	-8.929183501875	-8.932798672125001	-8.92826269025	-8.916382859375	-8.897797621750001	-8.87299333225	-8.842688663875
488.0	-8.816351248	-8.861290441875	-8.894362188625001	-8.916737101125	-8.929327368375	-8.932947299625	-8.928416265000001	-8.916541563875	-8.897961624250001	-8.873162831	-8.842863821125
490.0	-8.816478871125002	-8.861422125625	-8.894498116500001	-8.9168774555	-8.92947232575	-8.933097041625	-8.928570977625	-8.91670142975	-8.898126811375	-8.873333537375	-8.84304020875
492.0	-8.816607492375	-8.861554830749999	-8.894635088875	-8.917018877875	-8.9296183745	-8.933247898375	-8.92872682825	-8.916862456875	-8.898293182875001	-8.873505451125	-8.843217826375
494.0	-8.816737112625	-8.86168855775	-8.894773106375	-8.917161368624999	-8.929765515	-8.93339987	-8.928883817125	-8.91702464525	-8.8984607385	-8.87367857175	-8.843396673375
496.0	-8.816867732625001	-8.8618233075	-8.894912169625	-8.917304928125	-8.929913747375	-8.933552956625	-8.929041944125	-8.91718799475	-8.898629478	-8.873852899	-8.843576749375
498.0	-8.816999353	-8.861959080499998	-8.895052279125	-8.917449557	-8.930063072000001	-8.933707158625001	-8.92920120925	-8.91735250525	-8.89879940125	-8.874028432374999	-8.84375805375
500.0	-8.817131974625001	-8.862095877375	-8.89519343525	-8.917595255375	-8.930213489125	-8.933862476	-8.929361612625	-8.91751817675	-8.898970507875001	-8.874205171375	-8.843940585875
502.0	-8.817265598	-8.862233698625	-8.8953356385	-8.91774202375	-8.930364998875	-8.934018908750001	-8.929523154125	-8.917685008875	-8.899142797625	-8.87438311575	-8.844124345125
504.0	-8.81740022375	-8.862372544749999	-8.895478889375001	-8.917889862375	-8.930517601625	-8.934176457000001	-8.92968583375	-8.9178530015	-8.899316270000002	-8.874562264875	-8.844309331
506.0	-8.8175358525	-8.862512416374999	-8.895623188125	-8.918038771375	-8.930671297375	-8.934335120875001	-8.92984965125	-8.918022154375	-8.899490924750001	-8.874742618374999	-8.84449554275
508.0	-8.817672485000001	-8.862653314	-8.895768535250001	-8.91818875125	-8.930826086375001	-8.934494900375	-8.930014606625	-8.91819246725	-8.8996667615	-8.874924175499999	-8.844682979625
510.0	-8.8178101215	-8.862795237875	-8.895914931125	-8.91833980225	-8.930981968625	-8.934655795375	-8.93018069975	-8.918363939875	-8.89984377975	-8.875106935749999	-8.844871641125
512.0	-8.817948762750001	-8.862938188625	-8.896062375875001	-8.91849192425	-8.93113894425	-8.934817805875001	-8.9303479305	-8.918536572	-8.900021979125	-8.875290898625	-8.84506152625
514.0	-8.818088409125	-8.8630821665	-8.896210869875	-8.91864511775	-8.931297013375	-8.934980931750001	-8.9305162985	-8.918710363125	-8.900201359125	-8.875476063499999	-8.8452526345
516.0	-8.818229061250001	-8.863227171875	-8.8963604135	-8.91879938275	-8.931456175875	-8.935145173	-8.930685803625	-8.918885313	-8.900381919125001	-8.875662429624999	-8.845444965
518.0	-8.818370719375	-8.86337320525	-8.89651100675	-8.918954719375	-8.931616431875	-8.935310529625001	-8.930856445625	-8.91906142125	-8.900563658875	-8.8758499965	-8.845638516874999
520.0	-8.818513384000001	-8.86352026675	-8.896662650125	-8.91911112775	-8.931777781375	-8.935477001125001	-8.931028224125	-8.9192386875	-8.90074657775	-8.876038763375	-8.845833289375
522.0	-8.818657055500001	-8.863668356749999	-8.896815343625	-8.919268608	-8.93194022425	-8.935644587625001	-8.931201139125001	-8.91941711125	-8.900930675125	-8.876228729625	-8.846029281749999
524.0	-8.818801734375	-8.863817475625	-8.896969087375	-8.919427160125	-8.932103760375	-8.935813288875	-8.93137519	-8.919596692125	-8.901115950375	-8.876419894375	-8.846226493
526.0	-8.818947420750002	-8.863967623499999	-8.897123881625001	-8.919586784125	-8.932268389875	-8.935983104625	-8.9315503765	-8.919777429625	-8.901302403	-8.876612257	-8.846424922375
528.0	-8.819094115125	-8.8641188005	-8.8972797265	-8.91974748	-8.932434112375	-8.93615403475	-8.931726698375	-8.91995932325	-8.901490032375001	-8.87680581675	-8.846624568874999
530.0	-8.819241817625	-8.864271007	-8.897436621875	-8.919909247749999	-8.932600928000001	-8.936326078750001	-8.931904155	-8.920142372375	-8.901678837875	-8.877000572875	-8.846825431625
532.0	-8.81939052875	-8.864424243124999	-8.897594568125001	-8.920072087374999	-8.932768836375	-8.936499236500001	-8.93208274625	-8.920326576625	-8.901868818625001	-8.877196524499999	-8.84702750975
534.0	-8.819540248625001	-8.864578509	-8.897753565125	-8.92023599875	-8.932937837375	-8.936673507750001	-8.932262471625	-8.9205119355	-8.902059974250001	-8.87739367075	-8.84723080225
536.0	-8.819690977375	-8.86473380475	-8.897913613	-8.92040098175	-8.933107930875	-8.936848892	-8.9324433305	-8.92069844825	-8.90225230375	-8.877592010874999	-8.847435308
538.0	-8.819842715375001	-8.8648901305	-8.8980747115	-8.92056703625	-8.9332791165	-8.937025389125	-8.9326253225	-8.920886114375	-8.902445806625002	-8.877791544125	-8.847641026375
540.0	-8.81999546275	-8.865047486375	-8.898236860875	-8.920734162375	-8.93345139425	-8.937202998625	-8.93280844725	-8.921074933125	-8.902640482125001	-8.8779922695	-8.847847955999999
542.0	-8.82014921975	-8.865205872374998	-8.898400061	-8.920902359625	-8.933624763500001	-8.937381720000001	-8.932992704125	-8.921264904125	-8.902836329375	-8.878194186	-8.848056096125
544.0	-8.82030398625	-8.8653652885	-8.89856431175	-8.921071628	-8.93379922425	-8.937561553125	-8.933178092625	-8.9214560265	-8.903033347625001	-8.878397292999999	-8.8482654455
546.0	-8.820459762625001	-8.86552573475	-8.898729613	-8.92124196725	-8.933974776125	-8.937742497375	-8.933364612250001	-8.921648299625	-8.903231536000002	-8.878601589375	-8.84847600325
548.0	-8.820616549	-8.86568721125	-8.898895964875	-8.92141337725	-8.93415141875	-8.937924552250001	-8.933552262375	-8.921841722875	-8.903430893875	-8.878807074125	-8.848687768125
550.0	-8.820774345250001	-8.865849718	-8.899063367	-8.921585857624999	-8.934329151750001	-8.938107717500001	-8.933741042375	-8.922036295625	-8.90363142025	-8.8790137465	-8.84890073925
552.0	-8.8209331515	-8.86601325475	-8.89923181925	-8.921759408249999	-8.934507974875	-8.9382919925	-8.933930951625001	-8.922232016875	-8.903833114500001	-8.879221605375	-8.849114915374999
554.0	-8.821092967875002	-8.866177821625	-8.899401321625	-8.92193402875	-8.934687887625	-8.93847737675	-8.934121989625	-8.922428886125001	-8.904035975500001	-8.879430649875	-8.849330295375
556.0	-8.821253794250001	-8.8663434185	-8.899571873875	-8.922109718875	-8.9348688895	-8.93866386975	-8.93431415575	-8.9226269025	-8.904240002500002	-8.879640878875	-8.849546878249999
558.0	-8.821415630750002	-8.86651004525	-8.899743475625	-8.922286478375	-8.935050980375001	-8.938851471000001	-8.93450744925	-8.92282606525	-8.904445194500001	-8.879852291499999	-8.84976466275
560.0	-8.821578477375	-8.86667770175	-8.899916126875	-8.92246430675	-8.935234159625	-8.93904017975	-8.9347018695	-8.923026373625	-8.904651550750001	-8.8800648865	-8.84998364775
562.0	-8.821742333875001	-8.866846387874999	-8.900089827375	-8.922643203875	-8.935418426750001	-8.93922999575	-8.934897415750001	-8.92322782675	-8.904859070250001	-8.880278662999999	-8.850203832
564.0	-8.8219072005	-8.867016103374999	-8.900264576625	-8.922823169125	-8.935603781375	-8.93942091825	-8.935094087375	-8.923430423875	-8.905067752	-8.880493619874999	-8.8504252145
566.0	-8.822073076875	-8.867186848249998	-8.900440374625001	-8.923004202375	-8.935790222875001	-8.9396129465	-8.935291883625	-8.923634164125	-8.905277595125002	-8.880709756124999	-8.850647793875
568.0	-8.822239963125	-8.867358622249998	-8.900617220875	-8.923186303	-8.935977750875	-8.939806080125	-8.93549080375	-8.923839046625	-8.905488598625	-8.880927070624999	-8.850871569125
570.0	-8.822407859	-8.867531425	-8.900795115125	-8.92336947075	-8.936166364750001	-8.940000318375	-8.935690847	-8.9240450705	-8.905700761625	-8.881145562124999	-8.85109653875
572.0	-8.822576764375	-8.867705256499999	-8.900974057125	-8.923553705	-8.936356064125	-8.9401956605	-8.935892012625	-8.924252234875	-8.905914082875	-8.88136522975	-8.85132270175
574.0	-8.822746679125	-8.867880116375	-8.9011540465	-8.9237390055	-8.936546848125001	-8.940392106000001	-8.93609429975	-8.924460539	-8.906128561500001	-8.881586072125	-8.851550056625
576.0	-8.822917603125001	-8.868056004375	-8.90133508275	-8.92392537175	-8.9367387165	-8.940589654125	-8.93629770775	-8.92466998175	-8.906344196500001	-8.881808088375	-8.851778602375
578.0	-8.82308953625	-8.86823292025	-8.901517165625	-8.924112803125	-8.9369316685	-8.940788304125	-8.936502235625	-8.92488056225	-8.906560986875	-8.882031277125	-8.85200833775
580.0	-8.823262478125	-8.868410863749999	-8.90170029475	-8.924301299249999	-8.9371257035	-8.940988055375001	-8.93670788275	-8.925092279625	-8.906778931500002	-8.88225563725	-8.85223926125
582.0	-8.82343642875	-8.868589834375	-8.901884469625001	-8.924490859625	-8.937320821	-8.941188907125001	-8.936914648125	-8.925305133	-8.906998029375002	-8.882481167749999	-8.852471371625
584.0	-8.823611387625	-8.868769832	-8.902069689875	-8.924681483625	-8.93751702025	-8.9413908585	-8.937122531	-8.92551912125	-8.907218279250001	-8.882707867125	-8.85270466775
586.0	-8.823787354625	-8.868950856249999	-8.902255955000001	-8.924873170749999	-8.937714300625	-8.941593908875001	-8.9373315305	-8.9257342435	-8.90743968025	-8.8829357345	-8.852939148125
588.0	-8.823964329625001	-8.869132906625	-8.902443264625001	-8.925065920375	-8.9379126615	-8.9417980575	-8.937541645625	-8.925950498625	-8.90766223125	-8.883164768499999	-8.8531748115
590.0	-8.824142312125002	-8.869315982875	-8.90263161825	-8.925259731999999	-8.938112102125	-8.9420033035	-8.937752875625	-8.926167885875	-8.907885931000001	-8.883394968	-8.853411656625
592.0	-8.824321302000001	-8.869500084624999	-8.902821015375	-8.925454605125	-8.938312622	-8.942209646250001	-8.937965219625001	-8.926386404	-8.908110778500001	-8.883626331624999	-8.853649682124999
594.0	-8.824501298875001	-8.869685211375	-8.903011455375001	-8.925650539	-8.938514220125	-8.942417084750002	-8.9381786765	-8.926606052125	-8.908336772625	-8.883858858124999	-8.8538888865
596.0	-8.824682302375	-8.869871362749999	-8.903202938	-8.925847532999999	-8.938716896	-8.942625618125001	-8.9383932455	-8.926826829125	-8.908563912125	-8.8840925465	-8.854129268625
598.0	-8.82486431225	-8.87005853825	-8.9033954625	-8.926045586625	-8.93892064875	-8.94283524575	-8.938608925625001	-8.927048734	-8.908792196	-8.884327395249999	-8.854370826875
600.0	-8.825047328125	-8.870246737625	-8.903589028375	-8.926244699125	-8.93912547775	-8.94304596675	-8.938825716	-8.92727176575	-8.909021622875	-8.884563403125	-8.854613560125
602.0	-8.825231349500001	-8.87043596025	-8.90378363525	-8.926444869875	-8.93933138225	-8.943257780125	-8.939043615500001	-8.92749592325	-8.909252191875002	-8.884800569	-8.854857466875
604.0	-8.825416376125	-8.870626205625	-8.90397928225	-8.92664609825	-8.939538361375	-8.943470685125	-8.939262623375	-8.927721205375	-8.909483901500002	-8.885038891499999	-8.85510254575
606.0	-8.825602407625	-8.870817473499999	-8.904175969	-8.9268483835	-8.9397464145	-8.943684680875	-8.9394827385	-8.927947611	-8.909716750875	-8.885278369249999	-8.85534879525
608.0	-8.825789443625	-8.871009763	-8.904373694875	-8.927051725	-8.939955540625	-8.943899766375	-8.939703959875	-8.92817513925	-8.909950738500001	-8.885519000999999	-8.855596214125
610.0	-8.8259774835	-8.871203073999999	-8.904572459125001	-8.927256122	-8.940165739125	-8.94411594075	-8.9399262865	-8.92840378875	-8.910185863375	-8.885760785499999	-8.855844800875
612.0	-8.826166527000002	-8.871397405624998	-8.904772261375001	-8.92746157375	-8.940377009125001	-8.944333203125	-8.940149717375	-8.928633558625	-8.910422124250001	-8.8860037215	-8.856094554124999
614.0	-8.826356573625	-8.871592757624999	-8.90497310075	-8.927668079625	-8.94058934975	-8.944551552625	-8.9403742515	-8.928864447625	-8.910659519875	-8.886247807375	-8.856345472375
616.0	-8.826547622875001	-8.871789129249999	-8.905174976875001	-8.927875638749999	-8.94080276025	-8.944770988250001	-8.940599887875	-8.929096454625	-8.910898048875001	-8.886493042125	-8.856597554375
618.0	-8.826739674375	-8.871986519999998	-8.905377888750001	-8.9280842505	-8.94101723975	-8.944991509125	-8.940826625375001	-8.9293295785	-8.911137710250001	-8.886739424124999	-8.856850798375
620.0	-8.826932727500001	-8.872184929249999	-8.905581836	-8.928293914125	-8.941232787375	-8.94521311425	-8.941054463	-8.929563818	-8.911378502625	-8.88698695225	-8.857105203125
622.0	-8.827126781875	-8.872384356625	-8.905786817875	-8.92850462875	-8.94144940225	-8.9454358025	-8.941283399625	-8.929799172125	-8.911620424750001	-8.887235625125	-8.857360767125
624.0	-8.827321837000001	-8.87258480125	-8.905992833625	-8.9287163935	-8.9416670835	-8.945659573125	-8.94151343425	-8.930035639625	-8.911863475250001	-8.887485441125	-8.857617488999999
626.0	-8.82751789225	-8.872786262624999	-8.906199882500001	-8.928929207874999	-8.94188583025	-8.945884425125001	-8.941744565875	-8.930273219375	-8.912107653125	-8.887736399249999	-8.857875367125
628.0	-8.827714947	-8.87298874025	-8.906407964	-8.929143070875	-8.942105641625	-8.946110357375	-8.941976793125	-8.93051191	-8.91235295675	-8.88798849775	-8.858134400125
630.0	-8.827913001	-8.873192233249998	-8.906617077125	-8.929357981625	-8.94232651675	-8.946337369	-8.94221011525	-8.930751710625	-8.912599385125	-8.8882417355	-8.8583945865
632.0	-8.8281120535	-8.87339674125	-8.906827221375	-8.9295739395	-8.9425484545	-8.946565459	-8.942444530875001	-8.93099261975	-8.912846936875	-8.888496111124999	-8.85865592475
634.0	-8.828312104	-8.873602263375	-8.907038395875	-8.9297909435	-8.94277145425	-8.94679462625	-8.942680039	-8.931234636375	-8.913095610625001	-8.888751623125	-8.8589184135
636.0	-8.828513151875	-8.873808798999999	-8.907250599875	-8.930008992874999	-8.94299551475	-8.94702486975	-8.9429166385	-8.93147775925	-8.913345405125002	-8.88900827	-8.859182051125
638.0	-8.828715196500001	-8.874016347625	-8.90746383275	-8.930228086749999	-8.943220635375	-8.947256188375	-8.94315432825	-8.931721987	-8.913596319125	-8.889266050625	-8.859446836
640.0	-8.8289182375	-8.874224908375	-8.9076780935	-8.93044822425	-8.943446815	-8.947488581375001	-8.943393107125	-8.931967318625	-8.913848351125	-8.889524963249999	-8.859712767
642.0	-8.829122274000001	-8.874434480624998	-8.907893381625	-8.9306694045	-8.943674052625001	-8.947722047375	-8.943632974	-8.932213752625	-8.914101500000001	-8.88978500675	-8.85997984225
644.0	-8.829327305375001	-8.874645063625	-8.908109696125	-8.930891626625	-8.943902347375001	-8.9479565855	-8.943873927625	-8.932461288	-8.91435576425	-8.890046179499999	-8.860248060375
646.0	-8.829533331250001	-8.87485665675	-8.90832703625	-8.931114889749999	-8.944131698125	-8.948192194625001	-8.944115967	-8.932709923500001	-8.914611142625	-8.890308480249999	-8.860517419875
648.0	-8.829740350875001	-8.87506925925	-8.908545401125	-8.931339193	-8.944362104125	-8.94842887375	-8.94435909075	-8.932959657625	-8.914867633750001	-8.890571907375	-8.860787919249999
650.0	-8.829948363500002	-8.875282870374999	-8.908764790125	-8.931564535375	-8.94459356425	-8.94866662175	-8.944603297875	-8.933210489375	-8.91512523625	-8.890836459625	-8.861059556999999
652.0	-8.8301573685	-8.87549748925	-8.908985202125	-8.931790916125	-8.9448260775	-8.948905437375	-8.94484858725	-8.933462417375	-8.915383948875	-8.891102135375	-8.861332331375
654.0	-8.830367365250002	-8.875713115375	-8.909206636625001	-8.932018334124999	-8.945059642875	-8.949145319875	-8.9450949575	-8.933715440375	-8.915643770125001	-8.89136893325	-8.861606241125
656.0	-8.830578353125	-8.875929747874999	-8.909429092625	-8.932246788625	-8.9452942595	-8.94938626775	-8.9453424075	-8.933969557	-8.915904698875002	-8.891636851874999	-8.861881284499999
658.0	-8.830790331375	-8.876147386	-8.90965256925	-8.932476278625	-8.945529926	-8.94962828025	-8.945590936125	-8.934224766125	-8.9161667335	-8.89190588975	-8.862157460125
660.0	-8.831003299250002	-8.876366028875	-8.909877065625	-8.932706803124999	-8.94576664175	-8.949871356000001	-8.945840542125	-8.934481066375	-8.916429872625	-8.892176045374999	-8.862434766249999
662.0	-8.831217256250001	-8.876585675874999	-8.910102581	-8.932938361249999	-8.946004405375	-8.950115494	-8.94609122425	-8.9347384565	-8.916694115125	-8.89244731725	-8.8627132015
664.0	-8.831432201375002	-8.876806326125	-8.910329114375001	-8.933170952	-8.946243216125	-8.950360693125	-8.946342981375	-8.934996935125	-8.916959459375	-8.892719704	-8.862992764374999
666.0	-8.83164813425	-8.877027978749998	-8.910556664875001	-8.933404574499999	-8.94648307275	-8.950606952125	-8.946595812250001	-8.935256501	-8.917225904125	-8.892993204125	-8.863273453125
668.0	-8.83186505375	-8.877250633125	-8.910785231625	-8.933639227625	-8.94672397425	-8.950854270125001	-8.946849715625	-8.935517152875	-8.917493447875001	-8.893267816125	-8.86355526625
670.0	-8.832082959500001	-8.87747428825	-8.911014813875001	-8.9338749105	-8.9469659195	-8.951102645625001	-8.947104690375001	-8.935778889375	-8.917762089250001	-8.893543538625	-8.86383820225
672.0	-8.8323018505	-8.877698943375	-8.911245410500001	-8.934111622125	-8.947208907625	-8.95135207775	-8.947360735125	-8.936041709125	-8.918031827	-8.89382037	-8.864122259624999
674.0	-8.83252172625	-8.877924597749999	-8.91147702075	-8.934349361499999	-8.947452937375001	-8.95160256525	-8.947617848625	-8.936305610875	-8.9183026595	-8.894098308875	-8.864407436625
676.0	-8.832742585750001	-8.878151250375	-8.911709643750001	-8.9345881275	-8.947698007625	-8.951854107	-8.94787602975	-8.93657059325	-8.9185745855	-8.894377353625	-8.86469373175
678.0	-8.832964428250001	-8.878378900625	-8.91194327825	-8.934827919375	-8.9479441175	-8.952106701750001	-8.94813527725	-8.936836655125001	-8.918847603625	-8.894657503	-8.8649811435
680.0	-8.833187253125	-8.878607547375	-8.91217792375	-8.935068736	-8.948191265875	-8.952360348500001	-8.94839558975	-8.937103794875	-8.919121712250002	-8.89493875525	-8.865269670375
682.0	-8.833411059625	-8.878837189999999	-8.912413579	-8.93531057625	-8.948439451375	-8.952615045750001	-8.948656966125	-8.93737201125	-8.919396910125	-8.895221109	-8.8655593105
684.0	-8.833635846750001	-8.879067827624999	-8.912650243125	-8.93555343925	-8.94868867325	-8.952870792625001	-8.948919405	-8.937641303	-8.919673195875001	-8.89550456275	-8.865850062625
686.0	-8.83386161375	-8.879299459124999	-8.91288791525	-8.935797324	-8.94893893025	-8.953127587875	-8.94918290525	-8.93791166875	-8.919950567875	-8.895789115	-8.866141924999999
688.0	-8.83408836	-8.879532083874999	-8.9131265945	-8.936042229249999	-8.949190221125	-8.95338543025	-8.9494474655	-8.93818310725	-8.920229024875	-8.896074764125	-8.866434896125
690.0	-8.834316084625002	-8.879765700875	-8.913366279625	-8.936288154125	-8.949442545	-8.9536443185	-8.9497130845	-8.938455616875	-8.9205085655	-8.896361508875	-8.86672897425
692.0	-8.834544786625	-8.880000309375	-8.913606969875	-8.9365350975	-8.949695900625	-8.953904251500001	-8.949979761	-8.9387291965	-8.920789188125001	-8.896649347499999	-8.867024158
694.0	-8.834774465375	-8.880235908249999	-8.91384866425	-8.9367830585	-8.949950286875	-8.954165228125001	-8.950247493625	-8.939003844625	-8.921070891375	-8.896938278624999	-8.86732044575
696.0	-8.83500512	-8.880472496749999	-8.91409136175	-8.937032035875	-8.950205702625	-8.954427247	-8.950516281125001	-8.93927956	-8.921353673875	-8.89722830075	-8.86761783575
698.0	-8.835236749625	-8.880710074	-8.914335061500001	-8.937282028624999	-8.95046214675	-8.954690307125	-8.950786122375	-8.93955634125	-8.921637534125	-8.897519412249999	-8.867916326625
700.0	-8.8354693535	-8.880948639	-8.91457976225	-8.93753303575	-8.950719618125	-8.954954407	-8.951057015875	-8.939834187	-8.921922470625	-8.897811611749999	-8.868215916625
702.0	-8.835702930750001	-8.881188190749999	-8.91482546325	-8.937785056	-8.950978115625	-8.955219545625	-8.951328960375001	-8.94011309575	-8.922208482125	-8.898104897625	-8.868516604375
704.0	-8.835937480375001	-8.8814287285	-8.915072163375001	-8.938038088499999	-8.951237638	-8.955485721750001	-8.951601954625	-8.940393066375	-8.922495567125	-8.898399268375	-8.868818388
706.0	-8.836173001625001	-8.881670251249998	-8.915319861625001	-8.938292132125	-8.951498184125	-8.955752934125	-8.951875997375	-8.94067409725	-8.922783724125	-8.8986947225	-8.869121266125
708.0	-8.83640949375	-8.881912758124999	-8.915568557	-8.93854718575	-8.951759753000001	-8.9560211815	-8.95215108725	-8.94095618725	-8.923072951625	-8.898991258375	-8.869425237
710.0	-8.83664695575	-8.882156248	-8.9158182485	-8.93880324825	-8.95202234325	-8.956290462625	-8.952427222875	-8.94123933475	-8.923363248125002	-8.899288874749999	-8.869730299124999
712.0	-8.836885386750001	-8.882400720124998	-8.916068935125	-8.939060318625	-8.95228595375	-8.956560776375001	-8.952704403125	-8.9415235385	-8.923654612375001	-8.899587569749999	-8.870036450999999
714.0	-8.837124785875	-8.882646173374999	-8.916320615875	-8.93931839575	-8.9525505835	-8.95683212125	-8.9529826265	-8.941808797125	-8.923947042875001	-8.899887342125	-8.870343690875
716.0	-8.837365152250001	-8.882892606875	-8.91657328975	-8.9395774785	-8.95281623125	-8.957104496375	-8.953261891875	-8.94209510925	-8.924240538000001	-8.900188190249999	-8.87065201725
718.0	-8.837606485	-8.88314001975	-8.9168269555	-8.93983756575	-8.953082895625	-8.957377900125001	-8.95354219775	-8.942382473375	-8.924535096500001	-8.900490112624999	-8.870961428375
720.0	-8.837848783125	-8.883388410875	-8.917081612375	-8.9400986565	-8.953350575750001	-8.957652331625	-8.953823542875	-8.94267088825	-8.924830716750002	-8.900793107624999	-8.871271922875
722.0	-8.838092046000002	-8.883637779499999	-8.917337259125	-8.9403607495	-8.95361927025	-8.95792778925	-8.954105925875	-8.942960352375	-8.925127397375	-8.901097173875	-8.871583499
724.0	-8.838336272375	-8.883888124375	-8.91759389475	-8.94062384375	-8.953888978	-8.958204272125	-8.954389345500001	-8.943250864375	-8.925425137000001	-8.901402309749999	-8.871896155125
726.0	-8.838581461625001	-8.88413944475	-8.91785151825	-8.940887938125	-8.954159697875001	-8.958481778625	-8.9546738005	-8.943542422875	-8.925723934	-8.901708513625	-8.872209889875
728.0	-8.838827612625002	-8.8843917395	-8.918110128625	-8.941153031375	-8.9544314285	-8.958760307750001	-8.954959289375001	-8.9438350265	-8.926023786875001	-8.902015784249999	-8.872524701375
730.0	-8.839074724625	-8.884645007624998	-8.918369724625	-8.9414191225	-8.954704168875	-8.959039858125001	-8.955245810875	-8.944128673875	-8.926324694375001	-8.90232411975	-8.87284058825
732.0	-8.839322796500001	-8.884899248249999	-8.918630305375	-8.94168621025	-8.95497791775	-8.9593204285	-8.95553336375	-8.9444233635	-8.926626654875001	-8.902633518875	-8.873157548875
734.0	-8.8395718275	-8.885154460374999	-8.91889186975	-8.94195429375	-8.955252673875	-8.959602017625	-8.9558219465	-8.944719094125	-8.926929667000001	-8.90294398	-8.8734755815
736.0	-8.839821816625001	-8.885410642875	-8.919154416625	-8.942223371499999	-8.955528436125	-8.95988462425	-8.956111557875	-8.945015864125	-8.927233729125001	-8.903255501499999	-8.873794684625
738.0	-8.840072763	-8.885667794875	-8.919417945125	-8.942493442625	-8.955805203125001	-8.960168247125	-8.956402196625	-8.945313672375	-8.92753884	-8.903568082	-8.874114856624999
740.0	-8.8403246655	-8.885925915249999	-8.919682453875	-8.942764506	-8.956082973875	-8.960452884875	-8.95669386125	-8.94561251725	-8.927844998000001	-8.90388171975	-8.874436096
742.0	-8.840577523375	-8.886185003	-8.919947942	-8.943036560374999	-8.956361747125001	-8.96073853625	-8.9569865505	-8.945912397375	-8.92815220175	-8.9041964135	-8.874758401
744.0	-8.840831335625001	-8.886445057249999	-8.9202144085	-8.9433096045	-8.956641521625	-8.961025200125	-8.957280263	-8.9462133115	-8.92846044975	-8.9045121615	-8.87508177025
746.0	-8.841086101250001	-8.886706076874999	-8.920481852	-8.9435836375	-8.956922296	-8.961312875	-8.9575749975	-8.946515258	-8.928769740500002	-8.904828962375	-8.875406202
748.0	-8.841341819375002	-8.886968060874999	-8.92075027175	-8.943858658	-8.957204069375	-8.961601559750001	-8.9578707525	-8.946818235625	-8.929080072500001	-8.905146814375	-8.875731694625
750.0	-8.841598488875	-8.88723100825	-8.921019666375	-8.944134664875	-8.95748684025	-8.961891253000001	-8.95816752675	-8.947122243	-8.929391444250001	-8.90546571625	-8.876058246625
752.0	-8.841856109	-8.887494917875	-8.921290034875	-8.944411657125	-8.9577706075	-8.9621819535	-8.958465318875	-8.9474272785	-8.929703854500001	-8.905785666249999	-8.876385856375
754.0	-8.842114678625	-8.88775978875	-8.92156137625	-8.9446896335	-8.958055369875	-8.96247366	-8.9587641275	-8.947733340875	-8.930017301625002	-8.906106662874999	-8.87671452225
756.0	-8.842374196875001	-8.888025619999999	-8.921833689375001	-8.94496859275	-8.95834112625	-8.96276637125	-8.959063951375	-8.94804042875	-8.930331784125	-8.906428704625	-8.877044242624999
758.0	-8.842634662750001	-8.888292410375	-8.922106973	-8.94524853375	-8.958627875375	-8.963060085750001	-8.959364789	-8.948348540625	-8.9306473005	-8.906751790125	-8.877375016124999
760.0	-8.842896075125001	-8.888560158874999	-8.92238122625	-8.945529455375	-8.958915615875	-8.963354802500001	-8.95966663925	-8.948657675125	-8.930963849375	-8.9070759175	-8.877706840875
762.0	-8.84315843325	-8.888828864625	-8.92265644775	-8.9458113565	-8.95920434675	-8.96365052	-8.959969500625	-8.948967830875	-8.931281429250001	-8.9074010855	-8.8780397155
764.0	-8.843421736000002	-8.889098526375	-8.922932636625001	-8.946094235875	-8.9594940665	-8.963947237000001	-8.96027337175	-8.949279006375	-8.93160003875	-8.907727292499999	-8.878373638374999
766.0	-8.8436859825	-8.889369143249999	-8.92320979175	-8.946378092375	-8.959784774125	-8.96424495225	-8.96057825125	-8.94959120025	-8.93191967625	-8.908054537	-8.878708607875
768.0	-8.843951171625001	-8.889640714125	-8.923487911875	-8.946662924875	-8.96007646825	-8.9645436645	-8.960884137875	-8.949904411125	-8.93224034025	-8.9083828175	-8.879044622375
770.0	-8.8442173025	-8.889913237875	-8.923766996000001	-8.946948732125	-8.96036914775	-8.964843372375	-8.961191030250001	-8.9502186375	-8.932562029375001	-8.908712132375	-8.879381680249999
772.0	-8.844484374	-8.890186713499999	-8.924047043	-8.947235512875	-8.960662811375	-8.965144074500001	-8.961498927000001	-8.950533878	-8.932884742250002	-8.909042480124999	-8.879719780124999
774.0	-8.84475238525	-8.890461139874999	-8.924328051625	-8.947523266125	-8.96095745775	-8.965445769750001	-8.96180782675	-8.95085013125	-8.93320847725	-8.90937385925	-8.88005892025
776.0	-8.845021335250001	-8.890736516125	-8.924610020875	-8.9478119905	-8.96125308575	-8.965748456750001	-8.962117728125	-8.951167395875	-8.933533233	-8.90970626825	-8.880399099125
778.0	-8.845291222875002	-8.891012840999998	-8.924892949625	-8.948101685	-8.96154969425	-8.96605213425	-8.962428629875001	-8.951485670375	-8.933859007875	-8.910039705625	-8.880740315125
780.0	-8.84556204725	-8.891290113499998	-8.92517683675	-8.948392348375	-8.96184728175	-8.966356800875001	-8.9627405305	-8.951804953375	-8.934185800625	-8.91037416975	-8.881082566625
782.0	-8.845833807250001	-8.891568332624999	-8.925461681125	-8.948683979375	-8.962145847125	-8.966662455375001	-8.96305342875	-8.952125243375	-8.934513609625	-8.910709659124999	-8.881425852125
784.0	-8.846106502000001	-8.89184749725	-8.925747481625	-8.948976576875	-8.962445389125	-8.966969096500002	-8.96336732325	-8.952446539125	-8.934842433375001	-8.91104617225	-8.881770170125
786.0	-8.846380130375001	-8.89212760625	-8.926034237	-8.94927013975	-8.962745906625	-8.96727672275	-8.963682212625	-8.952768839125	-8.935172270625001	-8.911383707625	-8.882115518875
788.0	-8.846654691375	-8.892408658625	-8.926321946375001	-8.94956466675	-8.96304739825	-8.967585333125001	-8.963998095500001	-8.953092142000001	-8.93550311975	-8.911722263749999	-8.882461896875
790.0	-8.846930184000001	-8.89269065325	-8.926610608375	-8.949860156625	-8.96334986275	-8.967894926000001	-8.964314970625	-8.95341644625	-8.93583497925	-8.912061839125	-8.882809302625
792.0	-8.847206607250001	-8.892973589124999	-8.926900221875	-8.95015660825	-8.963653299	-8.968205500375001	-8.9646328365	-8.9537417505	-8.936167847750001	-8.912402432124999	-8.8831577345
794.0	-8.84748396	-8.893257465	-8.927190785875	-8.9504540205	-8.963957705625	-8.96851705475	-8.964951691875001	-8.9540680535	-8.93650172375	-8.912744041249999	-8.883507190875
796.0	-8.847762241375001	-8.893542279999998	-8.92748229925	-8.950752392125	-8.964263081375	-8.968829587750001	-8.96527153525	-8.9543953535	-8.936836605875001	-8.913086665	-8.88385767025
798.0	-8.848041450375002	-8.893828032999998	-8.927774760750001	-8.951051721875	-8.964569425125001	-8.969143098375001	-8.965592365500001	-8.9547236495	-8.9371724925	-8.913430302	-8.884209171125
800.0	-8.84832158575	-8.894114722874999	-8.928068169375	-8.951352008499999	-8.9648767355	-8.969457585125001	-8.965914181	-8.95505293975	-8.937509382250001	-8.913774950625	-8.88456169175
802.0	-8.848602646625	-8.8944023485	-8.92836252375	-8.951653251	-8.96518501125	-8.969773046625	-8.966236980625	-8.955383223	-8.93784727375	-8.91412060925	-8.88491523075
804.0	-8.848884632	-8.894690908749999	-8.928657823	-8.951955448125	-8.96549425125	-8.970089481750001	-8.966560762875	-8.955714497875	-8.938186165375	-8.914467276624999	-8.885269786624999
806.0	-8.84916754075	-8.894980402749999	-8.92895406575	-8.952258598624999	-8.965804454125001	-8.970406889125	-8.9668855265	-8.956046762875	-8.938526055750001	-8.914814950999999	-8.8856253575
808.0	-8.849451371875	-8.895270829249998	-8.929251251	-8.952562701249999	-8.96611561875	-8.970725267375	-8.967211270125	-8.956380016625	-8.9388669435	-8.915163630999999	-8.885981942125
810.0	-8.849736124375001	-8.895562187125	-8.929549377625001	-8.952867755	-8.96642774375	-8.971044615375	-8.96753799225	-8.95671425775	-8.939208827000002	-8.915513315	-8.88633953875
812.0	-8.850021797125	-8.895854475375	-8.929848444375	-8.953173758375	-8.966740828	-8.971364931625	-8.967865691750001	-8.95704948475	-8.939551704875	-8.91586400175	-8.886698146
814.0	-8.850308389125	-8.896147692875	-8.93014845025	-8.9534807105	-8.967054870125	-8.971686214875001	-8.968194367125001	-8.957385696375	-8.93989557575	-8.9162156895	-8.88705776225
816.0	-8.850595899375001	-8.8964418385	-8.930449393875	-8.953788609875	-8.967369868875	-8.972008464	-8.968524017	-8.957722891125	-8.940240438	-8.916568376874999	-8.887418385875
818.0	-8.850884326875	-8.896736911249999	-8.930751274375	-8.954097455625	-8.967685823125	-8.972331677375001	-8.968854640125	-8.958061067625	-8.940586290375	-8.91692206225	-8.887780015375
820.0	-8.851173670375001	-8.897032909875	-8.931054090375	-8.95440724625	-8.9680027315	-8.972655854000001	-8.969186235125001	-8.958400224375	-8.940933131375001	-8.91727674425	-8.88814264925
822.0	-8.851463929000001	-8.897329833499999	-8.931357840875	-8.954717980749999	-8.968320592875001	-8.972980992375001	-8.9695188005	-8.958740360125	-8.941280959375002	-8.917632421375	-8.888506286
824.0	-8.851755101750001	-8.897627680749999	-8.931662524625	-8.95502965775	-8.96863940575	-8.973307091375	-8.969852335125001	-8.9590814735	-8.941629773125001	-8.917989092125	-8.888870923875
826.0	-8.852047187375002	-8.897926450749999	-8.9319681405	-8.955342276249999	-8.96895916925	-8.9736341495	-8.970186837625	-8.959423563	-8.941979571125001	-8.918346755	-8.889236561625
828.0	-8.852340185000001	-8.898226142375	-8.932274687375001	-8.955655834875	-8.969279881875	-8.973962165625	-8.9705223065	-8.959766627125001	-8.942330351875	-8.9187054085	-8.8896031975
830.0	-8.8526340935	-8.898526754374998	-8.932582164125	-8.955970332625	-8.969601542375	-8.974291138375001	-8.970858740375	-8.96011066475	-8.942682114	-8.919065051125	-8.889970830125
832.0	-8.852928911875	-8.89882828575	-8.932890569625	-8.956285767999999	-8.9699241495	-8.974621066375	-8.971196138125	-8.96045567425	-8.943034856125001	-8.919425681375	-8.89033945775
834.0	-8.853224639	-8.8991307355	-8.9331999025	-8.956602140125	-8.970247702125	-8.974951948500001	-8.971534498375	-8.96080165425	-8.943388576625	-8.91978729775	-8.890709079125
836.0	-8.853521273875002	-8.89943410225	-8.933510161875	-8.956919447499999	-8.970572198875	-8.975283783250001	-8.9718738195	-8.9611486035	-8.94374327425	-8.920149898875	-8.8910796925
838.0	-8.8538188155	-8.899738385125	-8.9338213465	-8.957237689125	-8.970897638625	-8.975616569500001	-8.9722141005	-8.961496520625	-8.944098947375	-8.920513483125	-8.8914512965
840.0	-8.854117262625001	-8.900043582999999	-8.934133455125	-8.95755686375	-8.971224019875	-8.975950305875001	-8.97255533975	-8.961845404	-8.944455594750002	-8.92087804925	-8.8918238895
842.0	-8.854416614500002	-8.90034969475	-8.93444648675	-8.95787697025	-8.97155134175	-8.976284991125	-8.972897536125	-8.9621952525	-8.944813214875001	-8.9212435955	-8.89219747
844.0	-8.854716869750002	-8.900656719125	-8.934760440125	-8.95819800725	-8.971879602625	-8.976620623875	-8.97324068825	-8.9625460645	-8.94517180625	-8.921610120625	-8.892572036499999
846.0	-8.855018027500002	-8.900964655249998	-8.935075314	-8.958519973625	-8.972208801625001	-8.976957203000001	-8.973584794625001	-8.962897838875	-8.945531367500001	-8.921977622875	-8.8929475875
848.0	-8.855320086625001	-8.901273501875	-8.935391107500001	-8.95884286825	-8.972538937125	-8.977294727	-8.973929854	-8.963250574	-8.94589189725	-8.922346101125	-8.8933241215
850.0	-8.855623046125	-8.901583257999999	-8.93570781925	-8.959166689749999	-8.972870008125	-8.977633194625001	-8.974275865125	-8.963604268625	-8.946253394000001	-8.922715553749999	-8.893701636874999
852.0	-8.855926904875	-8.901893922374999	-8.936025448125001	-8.959491437125	-8.973202013375001	-8.977972604625	-8.974622826625	-8.963958921375	-8.946615856375	-8.923085979125	-8.894080132375
854.0	-8.856231661875	-8.902205493875	-8.936343993000001	-8.959817109125	-8.9735349515	-8.97831295575	-8.974970737	-8.96431453075	-8.946979282875	-8.923457376124999	-8.894459606249999
856.0	-8.856537316	-8.902517971624999	-8.93666345275	-8.960143704375	-8.97386882125	-8.978654246625	-8.975319595250001	-8.9646710955	-8.947343672125001	-8.923829742999999	-8.894840057
858.0	-8.856843866250001	-8.902831354249999	-8.93698382625	-8.960471221875	-8.974203621500001	-8.978996476	-8.975669399625	-8.96502861425	-8.94770902275	-8.924203078375	-8.89522148325
860.0	-8.857151311500001	-8.903145640875	-8.93730511225	-8.960799660374999	-8.974539351	-8.979339642625	-8.976020149125	-8.9653870855	-8.948075333375002	-8.92457738075	-8.8956038835
862.0	-8.85745965075	-8.90346083025	-8.937627309625	-8.96112901875	-8.9748760085	-8.97968374525	-8.976371842375	-8.965746508125001	-8.948442602375001	-8.924952648749999	-8.895987256125
864.0	-8.857768882875002	-8.90377692125	-8.93795041725	-8.961459295625	-8.975213592625	-8.980028782375001	-8.976724477875	-8.966106880375	-8.948810828625001	-8.925328880999999	-8.89637159975
866.0	-8.858079007	-8.904093912874998	-8.938274434	-8.961790489875	-8.97555210225	-8.980374753000001	-8.977078054375001	-8.96646820125	-8.949180010500001	-8.925706075874999	-8.896756912875
868.0	-8.858390021750001	-8.904411803875	-8.938599358625	-8.96212260025	-8.975891536125001	-8.980721655625	-8.977432570625	-8.966830469125	-8.949550146625	-8.926084232	-8.897143194
870.0	-8.858701926250001	-8.90473059325	-8.93892519	-8.96245562575	-8.976231893	-8.981069489000001	-8.97778802525	-8.967193682875001	-8.949921235625	-8.926463347999999	-8.897530441625
872.0	-8.859014719500001	-8.90505028	-8.939251927	-8.962789565	-8.976573171625	-8.981418252000001	-8.978144416875	-8.967557840875001	-8.950293276	-8.92684342225	-8.89791865425
874.0	-8.85932840025	-8.905370862749999	-8.939579568500001	-8.963124416874999	-8.97691537075	-8.981767943125	-8.97850174425	-8.967922941875	-8.950666266625001	-8.9272244535	-8.898307830375
876.0	-8.859642967500001	-8.9056923405	-8.939908113375001	-8.963460180124999	-8.977258489125001	-8.982118561250001	-8.978860006	-8.968288984625	-8.951040205750001	-8.927606440124999	-8.898697968625
878.0	-8.859958420375001	-8.906014712249998	-8.94023756025	-8.963796853625	-8.977602525625	-8.982470105	-8.979219200875	-8.9686559675	-8.95141509225	-8.927989380875	-8.899089067375
880.0	-8.860274757500001	-8.906337976749999	-8.940567908250001	-8.964134436124999	-8.977947478875	-8.982822573125	-8.9795793275	-8.9690238895	-8.951790924625001	-8.928373274124999	-8.89948112525
882.0	-8.860591978	-8.906662133	-8.940899156125	-8.9644729265	-8.97829334775	-8.9831759645	-8.979940384625	-8.969392748875	-8.952167701375	-8.928758118625	-8.899874140875
884.0	-8.860910080750001	-8.906987179749999	-8.941231302750001	-8.9648123235	-8.978640131	-8.983530277625	-8.98030237075	-8.969762544625	-8.95254542125	-8.929143912874999	-8.900268112625
886.0	-8.86122906475	-8.907313116125	-8.941564346875001	-8.965152625875	-8.97898782725	-8.983885511250001	-8.980665284875	-8.970133275125	-8.952924082875	-8.929530655375	-8.900663039
888.0	-8.861548928875001	-8.907639940749998	-8.941898287375	-8.9654938325	-8.979336435375	-8.98424166425	-8.981029125375	-8.97050493925	-8.95330368475	-8.92991834475	-8.90105891875
890.0	-8.861869672125001	-8.907967652624999	-8.94223312325	-8.96583594225	-8.97968595425	-8.984598735250001	-8.981393891125	-8.9708775355	-8.953684225500002	-8.93030697975	-8.90145575025
892.0	-8.862191293375	-8.908296250749999	-8.942568853125	-8.966178953875	-8.9800363825	-8.984956723	-8.98175958075	-8.9712510625	-8.95406570375	-8.930696558625	-8.901853532
894.0	-8.862513791500001	-8.908625733874999	-8.942905476	-8.966522866125	-8.980387718875	-8.985315626375	-8.982126193000001	-8.971625519	-8.954448118250001	-8.931087080125	-8.90225226275
896.0	-8.8628371655	-8.908956101	-8.94324299075	-8.966867678	-8.98073996225	-8.98567544375	-8.9824937265	-8.97200090375	-8.9548314675	-8.931478542874999	-8.90265194075
898.0	-8.863161414375	-8.909287351	-8.943581396125001	-8.967213388125	-8.981093111375001	-8.986036174250001	-8.98286218	-8.972377215125	-8.955215750125001	-8.931870945375	-8.903052564874999
900.0	-8.863486537	-8.909619482624999	-8.943920691125001	-8.96755999525	-8.981447165	-8.986397816375	-8.983231552125	-8.972754452125	-8.955600964750001	-8.932264286375	-8.9034541335
902.0	-8.863812532375	-8.909952494999999	-8.944260874375	-8.967907498499999	-8.981802121875	-8.986760369	-8.983601841625001	-8.973132613125	-8.95598711	-8.93265856425	-8.90385664525
904.0	-8.86413939925	-8.910286386874999	-8.944601945	-8.968255896375	-8.982157980875	-8.98712383075	-8.98397304725	-8.973511696875	-8.956374184625	-8.933053777625	-8.904260098625
906.0	-8.864467136750001	-8.910621157125	-8.944943901625	-8.968605187875	-8.982514740625	-8.987488200375001	-8.984345167625	-8.973891702125	-8.956762187	-8.933449925249999	-8.904664492125
908.0	-8.864795743750001	-8.910956804749999	-8.94528674325	-8.968955371749999	-8.982872400125	-8.987853476625	-8.9847182015	-8.9742726275	-8.957151116	-8.933847005625	-8.9050698245
910.0	-8.865125219125002	-8.9112933285	-8.945630468625	-8.969306446874999	-8.983230957875	-8.988219658375	-8.985092147625	-8.974654471625	-8.957540970125	-8.934245017375	-8.905476094125
912.0	-8.865455562000001	-8.911630727499999	-8.94597507675	-8.969658412	-8.983590412875	-8.988586744125001	-8.985467004625	-8.97503723325	-8.957931748125	-8.934643959125	-8.90588329975
914.0	-8.865786771125	-8.911969000374999	-8.946320566375	-8.970011266	-8.983950763875	-8.988954732875001	-8.985842771125	-8.975420911	-8.958323448500002	-8.935043829375	-8.906291439875
916.0	-8.866118845375	-8.91230814625	-8.946666936375001	-8.970365007625	-8.984312009625	-8.98932362325	-8.986219446	-8.9758055035	-8.958716070000001	-8.935444626875	-8.906700513
918.0	-8.866451784	-8.912648163875	-8.947014185625001	-8.970719635875	-8.984674148875	-8.989693414000001	-8.986597028	-8.976191009625	-8.959109611250001	-8.93584635	-8.90711051775
920.0	-8.866785585625001	-8.912989052375	-8.947362313000001	-8.97107514925	-8.9850371805	-8.990064103875001	-8.986975515625	-8.97657742775	-8.959504070875001	-8.936248997749999	-8.90752145275
922.0	-8.867120249375	-8.913330810249999	-8.947711317375001	-8.971431546875	-8.985401103125	-8.990435691750001	-8.987354907875	-8.976964756875	-8.959899447500002	-8.936652568374999	-8.907933316625
924.0	-8.867455774000002	-8.913673436875	-8.948061197625	-8.9717888275	-8.985765915750001	-8.990808176125	-8.987735203125	-8.9773529955	-8.96029573975	-8.937057060625	-8.908346107749999
926.0	-8.867792158750001	-8.91401693075	-8.9484119525	-8.972146989999999	-8.986131617125	-8.991181556	-8.988116400375	-8.97774214225	-8.960692946375001	-8.93746247325	-8.908759824875
928.0	-8.86812940225	-8.914361290999999	-8.948763581	-8.972506033	-8.986498205875	-8.991555829875	-8.988498498375	-8.978132196	-8.961091066125	-8.937868804625	-8.909174466625
930.0	-8.868467503625	-8.914706516499999	-8.949116081875001	-8.9728659555	-8.986865681000001	-8.991930996875	-8.988881495625	-8.978523155375001	-8.961490097375	-8.938276053625	-8.909590031625
932.0	-8.868806461750001	-8.915052606124998	-8.949469454125	-8.97322675625	-8.987234041125001	-8.992307055375	-8.989265390875	-8.978915019	-8.961890039	-8.93868421875	-8.91000651825
934.0	-8.869146275625	-8.91539955875	-8.949823696500001	-8.973588434249999	-8.987603285125001	-8.992684004500001	-8.989650183125	-8.979307785625	-8.962290889625	-8.939093298625	-8.910423925375
936.0	-8.869486944125	-8.91574737325	-8.950178807875	-8.973950988124999	-8.987973411875	-8.993061842625	-8.99003587075	-8.979701454	-8.962692647750002	-8.939503291874999	-8.910842251375
938.0	-8.869828466125	-8.91609604875	-8.95053478725	-8.97431441675	-8.988344420125001	-8.993440568875	-8.99042245275	-8.98009602275	-8.963095312375001	-8.939914197124999	-8.911261494875
940.0	-8.870170840750001	-8.916445583875	-8.950891633375	-8.974678719125	-8.988716308625001	-8.993820181875	-8.99080992775	-8.980491490625	-8.963498881875001	-8.940326013124999	-8.91168165475
942.0	-8.870514066875002	-8.916795977749999	-8.95124934525	-8.975043893875	-8.989089076125	-8.994200680375	-8.9911982945	-8.98088785625	-8.963903355000001	-8.940738738499999	-8.91210272925
944.0	-8.870858143375001	-8.917147229125	-8.9516079215	-8.97540994	-8.989462721625001	-8.994582063125002	-8.99158755175	-8.981285118375	-8.9643087305	-8.941152371749999	-8.91252471725
946.0	-8.871203069375001	-8.917499336999999	-8.95196736125	-8.97577685625	-8.989837243750001	-8.994964328875001	-8.99197769825	-8.981683275750001	-8.964715007	-8.941566911625	-8.91294761725
948.0	-8.871548843500001	-8.917852300375	-8.952327663250001	-8.9761446415	-8.990212641375	-8.995347476500001	-8.992368732625	-8.982082327	-8.965122183250001	-8.941982356875	-8.913371428
950.0	-8.871895465000001	-8.918206117875	-8.952688826500001	-8.976513294624999	-8.990588913375001	-8.995731504750001	-8.992760653875001	-8.982482271	-8.96553025775	-8.942398705875	-8.913796147874999
952.0	-8.872242932750002	-8.91856078875	-8.953050849750001	-8.976882814375	-8.9909660585	-8.996116412375	-8.9931534605	-8.98288310625	-8.965939229375001	-8.942815957499999	-8.91422177575
954.0	-8.872591245625001	-8.918916311624999	-8.953413731875001	-8.977253199625	-8.9913440755	-8.99650219825	-8.993547151375001	-8.983284831625	-8.966349096750001	-8.943234110499999	-8.914648310125
956.0	-8.872940402625002	-8.919272685625	-8.953777471875	-8.977624449375	-8.99172296325	-8.996888861	-8.993941725125	-8.98368744575	-8.966759858500001	-8.94365316325	-8.915075749625
958.0	-8.873290402625	-8.919629909625	-8.954142068500001	-8.97799656225	-8.992102720625	-8.9972763995	-8.994337180625001	-8.984090947375	-8.9671715135	-8.9440731145	-8.915504093
960.0	-8.873641244625	-8.919987982499999	-8.954507520750001	-8.97836953725	-8.992483346375	-8.9976648125	-8.994733516750001	-8.984495335375	-8.967584060125	-8.944493963125	-8.91593333875
962.0	-8.873992927625	-8.920346903125	-8.954873827375	-8.978743373124999	-8.992864839375	-8.998054098875	-8.995130731875001	-8.98490060825	-8.967997497375	-8.9449157075	-8.916363485625
964.0	-8.874345450625	-8.920706670374999	-8.955240987375001	-8.979118068875	-8.993247198375	-8.998444257375	-8.995528825125	-8.98530676475	-8.968411823875002	-8.9453383465	-8.916794532125
966.0	-8.8746988125	-8.921067283374999	-8.955608999625001	-8.979493623125	-8.993630422125001	-8.998835286625	-8.995927795125	-8.985713803875	-8.968827038250001	-8.94576187875	-8.917226477125
968.0	-8.875053012125	-8.921428741	-8.955977863000001	-8.979870035	-8.994014509625	-8.999227185625001	-8.996327640625001	-8.986121724	-8.96924313925	-8.946186302874999	-8.917659319
970.0	-8.8754080485	-8.921791041999999	-8.95634757625	-8.980247303125	-8.994399459750001	-8.999619953125	-8.996728360375	-8.986530524125	-8.9696601255	-8.946611617624999	-8.918093056625
972.0	-8.875763920625001	-8.922154185499998	-8.956718138500001	-8.9806254265	-8.994785271	-9.000013588	-8.99712995325	-8.98694020275	-8.970077995875	-8.947037821624999	-8.9185276885
974.0	-8.8761206275	-8.92251817025	-8.957089548625	-8.981004403875	-8.995171942625001	-9.000408088750001	-8.997532417875	-8.987350758875	-8.970496749	-8.947464913625	-8.918963213375
976.0	-8.876478168125	-8.92288299525	-8.957461805375	-8.98138423425	-8.995559473125	-9.000803454500002	-8.997935753125	-8.987762191	-8.970916383625001	-8.94789289225	-8.919399629875
978.0	-8.87683654125	-8.923248659499999	-8.957834907625001	-8.9817649165	-8.995947861375	-9.001199684000001	-8.99833995775	-8.988174498125	-8.971336898375	-8.948321756124999	-8.91983693675
980.0	-8.877195745875001	-8.923615161874999	-8.958208854375	-8.98214644925	-8.996337106375	-9.001596775875	-8.998745030375	-8.988587678750001	-8.971758292	-8.948751504125	-8.9202751325
982.0	-8.877555781125	-8.923982501249998	-8.9585836445	-8.982528831625	-8.996727206875	-9.001994729125	-8.999150970125001	-8.989001731875	-8.972180563375002	-8.94918213475	-8.920714215875
984.0	-8.877916645875	-8.9243506765	-8.958959277	-8.982912062375	-8.99711816175	-9.002393542375001	-8.999557775375001	-8.989416656	-8.972603711000001	-8.949613646875	-8.921154185625
986.0	-8.878278339125	-8.924719686749999	-8.959335750500001	-8.983296140375	-8.99750996975	-9.002793214625001	-8.99996544525	-8.98983245	-8.973027733625	-8.950046039124999	-8.921595040375
988.0	-8.87864085975	-8.925089530874999	-8.95971306425	-8.983681064625	-8.99790262975	-9.003193744625001	-9.000373978375	-8.990249112625	-8.973452630250002	-8.950479310124999	-8.92203677875
990.0	-8.87900420675	-8.92546020775	-8.960091216875	-8.98406683375	-8.998296140625	-9.003595131125001	-9.000783373500001	-8.99066664275	-8.973878399250001	-8.95091345875	-8.922479399375
992.0	-8.879368379125001	-8.925831716249998	-8.960470207375	-8.984453446875	-8.99869050125	-9.003997373	-9.0011936295	-8.991085038875	-8.974305039625001	-8.951348483499999	-8.922922901125
994.0	-8.879733375875	-8.9262040555	-8.96085003475	-8.984840902624999	-8.999085710375	-9.004400469	-9.001604745	-8.9915043	-8.974732549875	-8.951784383249999	-8.923367282625
996.0	-8.880099195875001	-8.92657722425	-8.96123069775	-8.985229200125	-8.999481767	-9.004804418	-9.002016719125	-8.99192442475	-8.975160929000001	-8.952221156624999	-8.923812542375
998.0	-8.880465838125001	-8.9269512215	-8.961612195375	-8.985618338125	-8.99987866975	-9.005209218875	-9.002429550375	-8.992345411875	-8.975590175625001	-8.952658802375	-8.924258679374999
1000.0	-8.880833301625001	-8.927326046374999	-8.9619945265	-8.9860083155	-9.000276417625	-9.005614870375	-9.002843237625001	-8.992767260375	-8.976020288375	-8.953097319249999	-8.924705692
